{
  "type": "FeatureCollection",
  "name": "wuhan_subbasins_pfafstetter_level6_formal_bake",
  "features": [
    {
      "type": "Feature",
      "id": "PF_462742",
      "properties": {
        "id": "PF_462742",
        "pfafId": 462742,
        "downstream": "OUTLET",
        "areaKm2": 2.233987,
        "source": "Pfafstetter level_6 AOI-clipped project-provided vector",
        "name": "黄冈·农业丘陵2",
        "code": "PF_462742"
      },
      "geometry": {
        "type": "MultiPolygon",
        "coordinates": [
          [
            [
              [
                115.79880967934307,
                31.13125000038724
              ],
              [
                115.79958333310435,
                31.13140573588464
              ],
              [
                115.79958333310435,
                31.13125000038724
              ],
              [
                115.79880967934307,
                31.13125000038724
              ]
            ]
          ],
          [
            [
              [
                115.79874999971275,
                31.131237986955163
              ],
              [
                115.79125000008753,
                31.12708333342914
              ],
              [
                115.78773888904857,
                31.12708333342914
              ],
              [
                115.79874999971275,
                31.131237986955163
              ]
            ]
          ],
          [
            [
              [
                115.7868244898189,
                31.126250000037544
              ],
              [
                115.78708333312943,
                31.126672777444742
              ],
              [
                115.78708333312943,
                31.126250000037544
              ],
              [
                115.7868244898189,
                31.126250000037544
              ]
            ]
          ],
          [
            [
              [
                115.78230846946549,
                31.120416666296137
              ],
              [
                115.7829166670706,
                31.120886287231727
              ],
              [
                115.7829166670706,
                31.120416666296137
              ],
              [
                115.78230846946549,
                31.120416666296137
              ]
            ]
          ],
          [
            [
              [
                115.782083333679,
                31.120242827271127
              ],
              [
                115.77208333297949,
                31.105416667045574
              ],
              [
                115.76291666657096,
                31.112916666670856
              ],
              [
                115.782083333679,
                31.120242827271127
              ]
            ]
          ],
          [
            [
              [
                115.75041666659592,
                31.14458333375393
              ],
              [
                115.7505,
                31.1447
              ],
              [
                115.7505393688567,
                31.14458333375393
              ],
              [
                115.75041666659592,
                31.14458333375393
              ]
            ]
          ],
          [
            [
              [
                115.74791666642113,
                31.145416666246206
              ],
              [
                115.74708333302942,
                31.14702244029373
              ],
              [
                115.74944567369549,
                31.145416666246206
              ],
              [
                115.74791666642113,
                31.145416666246206
              ]
            ]
          ],
          [
            [
              [
                115.74624999963783,
                31.147588889135076
              ],
              [
                115.74699375044705,
                31.147083333029457
              ],
              [
                115.74624999963783,
                31.147083333029457
              ],
              [
                115.74624999963783,
                31.147588889135076
              ]
            ]
          ],
          [
            [
              [
                115.74541666624623,
                31.148155337976423
              ],
              [
                115.74576778882287,
                31.147916666421054
              ],
              [
                115.74541666624623,
                31.147916666421054
              ],
              [
                115.74541666624623,
                31.148155337976423
              ]
            ]
          ],
          [
            [
              [
                115.73325650030735,
                31.15791666622124
              ],
              [
                115.72958333360407,
                31.15791666622124
              ],
              [
                115.73041666699567,
                31.162032366672953
              ],
              [
                115.73325650030735,
                31.15791666622124
              ]
            ]
          ],
          [
            [
              [
                115.71625000023744,
                31.182626242882726
              ],
              [
                115.7168603515783,
                31.182083333678975
              ],
              [
                115.71625000023744,
                31.182083333678975
              ],
              [
                115.71625000023744,
                31.182626242882726
              ]
            ]
          ],
          [
            [
              [
                115.71592349851073,
                31.18291666707057
              ],
              [
                115.70874999971272,
                31.17958333350407
              ],
              [
                115.70708333292953,
                31.190780018775396
              ],
              [
                115.71592349851073,
                31.18291666707057
              ]
            ]
          ],
          [
            [
              [
                115.69041666689577,
                31.20501348306884
              ],
              [
                115.68541666654596,
                31.203750000062485
              ],
              [
                115.67541666674583,
                31.208707523131103
              ],
              [
                115.69041666689577,
                31.20501348306884
              ]
            ]
          ],
          [
            [
              [
                115.67458333335424,
                31.208886921291796
              ],
              [
                115.67521935292379,
                31.208750000412238
              ],
              [
                115.67458333335424,
                31.208750000412238
              ],
              [
                115.67458333335424,
                31.208886921291796
              ]
            ]
          ],
          [
            [
              [
                115.66041666659589,
                31.211249999687766
              ],
              [
                115.6587499998127,
                31.21229548615143
              ],
              [
                115.66360645306327,
                31.211249999687766
              ],
              [
                115.66041666659589,
                31.211249999687766
              ]
            ]
          ]
        ]
      }
    },
    {
      "type": "Feature",
      "id": "PF_462748",
      "properties": {
        "id": "PF_462748",
        "pfafId": 462748,
        "downstream": "OUTLET",
        "areaKm2": 0.35019,
        "source": "Pfafstetter level_6 AOI-clipped project-provided vector",
        "name": "黄冈·丘陵2",
        "code": "PF_462748"
      },
      "geometry": {
        "type": "Polygon",
        "coordinates": [
          [
            [
              115.99990980171403,
              30.96897451846644
            ],
            [
              115.99989019828597,
              30.968775481521106
            ],
            [
              115.99980048152733,
              30.968884801707805
            ],
            [
              115.99990980171403,
              30.96897451846644
            ]
          ]
        ]
      }
    },
    {
      "type": "Feature",
      "id": "PF_462749",
      "properties": {
        "id": "PF_462749",
        "pfafId": 462749,
        "downstream": "OUTLET",
        "areaKm2": 5.180719,
        "source": "Pfafstetter level_6 AOI-clipped project-provided vector",
        "name": "黄冈·农业区5",
        "code": "PF_462749"
      },
      "geometry": {
        "type": "MultiPolygon",
        "coordinates": [
          [
            [
              [
                115.9985,
                31.0379
              ],
              [
                115.99625000003755,
                31.03458333325426
              ],
              [
                115.99124999968785,
                31.037069270797566
              ],
              [
                115.9985,
                31.0379
              ]
            ]
          ],
          [
            [
              [
                115.98375000006251,
                31.038750000212417
              ],
              [
                115.93791666622121,
                31.04041666699561
              ],
              [
                115.93625000033728,
                31.04610263149019
              ],
              [
                115.956,
                31.0492
              ],
              [
                115.98375000006251,
                31.038750000212417
              ]
            ]
          ],
          [
            [
              [
                115.93541666694568,
                31.07124999978771
              ],
              [
                115.9356,
                31.0715
              ],
              [
                115.93564705886348,
                31.07124999978771
              ],
              [
                115.93541666694568,
                31.07124999978771
              ]
            ]
          ],
          [
            [
              [
                115.93458333355409,
                31.072872499701976
              ],
              [
                115.93516790134866,
                31.072083333179307
              ],
              [
                115.93458333355409,
                31.072083333179307
              ],
              [
                115.93458333355409,
                31.072872499701976
              ]
            ]
          ],
          [
            [
              [
                115.93455061735484,
                31.07291666657096
              ],
              [
                115.93291666677078,
                31.074464857840784
              ],
              [
                115.9336,
                31.0742
              ],
              [
                115.93455061735484,
                31.07291666657096
              ]
            ]
          ],
          [
            [
              [
                115.93208333337918,
                31.074787855279386
              ],
              [
                115.93261099994614,
                31.074583333354212
              ],
              [
                115.93208333337918,
                31.074583333354212
              ],
              [
                115.93208333337918,
                31.074787855279386
              ]
            ]
          ],
          [
            [
              [
                115.92874999981268,
                31.076079845033846
              ],
              [
                115.92458333375396,
                31.074583333354212
              ],
              [
                115.92125000018746,
                31.078986821632768
              ],
              [
                115.92874999981268,
                31.076079845033846
              ]
            ]
          ],
          [
            [
              [
                115.91875000001255,
                31.080873148137375
              ],
              [
                115.91928201388862,
                31.080416667095562
              ],
              [
                115.91875000001255,
                31.080416667095562
              ],
              [
                115.91875000001255,
                31.080873148137375
              ]
            ]
          ],
          [
            [
              [
                115.91791666662095,
                31.0815881687635
              ],
              [
                115.91831079184726,
                31.08124999958784
              ],
              [
                115.91791666662095,
                31.08124999958784
              ],
              [
                115.91791666662095,
                31.0815881687635
              ]
            ]
          ],
          [
            [
              [
                115.91708333322936,
                31.082303189389624
              ],
              [
                115.91733956875771,
                31.082083332979494
              ],
              [
                115.91708333322936,
                31.082083332979494
              ],
              [
                115.91708333322936,
                31.082303189389624
              ]
            ]
          ],
          [
            [
              [
                115.90353362896847,
                31.093749999562874
              ],
              [
                115.89958333290451,
                31.092083333678943
              ],
              [
                115.88874999971279,
                31.10369375019318
              ],
              [
                115.90353362896847,
                31.093749999562874
              ]
            ]
          ],
          [
            [
              [
                115.88791666632119,
                31.104254266105386
              ],
              [
                115.88866637129132,
                31.10375000026238
              ],
              [
                115.88791666632119,
                31.10375000026238
              ],
              [
                115.88791666632119,
                31.104254266105386
              ]
            ]
          ],
          [
            [
              [
                115.88708333292948,
                31.105237736397683
              ],
              [
                115.88756504606026,
                31.104583333653977
              ],
              [
                115.88708333292948,
                31.104583333653977
              ],
              [
                115.88708333292948,
                31.105237736397683
              ]
            ]
          ],
          [
            [
              [
                115.88695162009145,
                31.105416667045574
              ],
              [
                115.88541666704566,
                31.106250000437228
              ],
              [
                115.88541666704566,
                31.10750188627759
              ],
              [
                115.88695162009145,
                31.105416667045574
              ]
            ]
          ],
          [
            [
              [
                115.86294791771502,
                31.149583333204305
              ],
              [
                115.85968292637246,
                31.148749999812708
              ],
              [
                115.862,
                31.1497
              ],
              [
                115.86294791771502,
                31.149583333204305
              ]
            ]
          ],
          [
            [
              [
                115.857650405905,
                31.147916666421054
              ],
              [
                115.85875000031228,
                31.14836750012804
              ],
              [
                115.85875000031228,
                31.147916666421054
              ],
              [
                115.857650405905,
                31.147916666421054
              ]
            ]
          ],
          [
            [
              [
                115.84874999961289,
                31.14288333300975
              ],
              [
                115.84791666622118,
                31.140416666795772
              ],
              [
                115.84480214732402,
                31.139583333404175
              ],
              [
                115.84874999961289,
                31.14288333300975
              ]
            ]
          ],
          [
            [
              [
                115.84380521473891,
                31.13875000001252
              ],
              [
                115.84458333355406,
                31.13940042753493
              ],
              [
                115.84458333355406,
                31.13875000001252
              ],
              [
                115.84380521473891,
                31.13875000001252
              ]
            ]
          ],
          [
            [
              [
                115.84375000016246,
                31.138703846289644
              ],
              [
                115.84291666677086,
                31.13708333322927
              ],
              [
                115.84181134956876,
                31.13708333322927
              ],
              [
                115.84375000016246,
                31.138703846289644
              ]
            ]
          ],
          [
            [
              [
                115.84124999998755,
                31.1366141025537
              ],
              [
                115.84124999998755,
                31.13125000038724
              ],
              [
                115.832838957379,
                31.12958333360399
              ],
              [
                115.84124999998755,
                31.1366141025537
              ]
            ]
          ],
          [
            [
              [
                115.82875000001252,
                31.128750000212392
              ],
              [
                115.8129166664711,
                31.126250000037544
              ],
              [
                115.79791666632116,
                31.12958333360399
              ],
              [
                115.808,
                31.1331
              ],
              [
                115.82875000001252,
                31.128750000212392
              ]
            ]
          ]
        ]
      }
    },
    {
      "type": "Feature",
      "id": "PF_462784",
      "properties": {
        "id": "PF_462784",
        "pfafId": 462784,
        "downstream": "OUTLET",
        "areaKm2": 3.193173,
        "source": "Pfafstetter level_6 AOI-clipped project-provided vector",
        "name": "黄冈·农业区1",
        "code": "PF_462784"
      },
      "geometry": {
        "type": "MultiPolygon",
        "coordinates": [
          [
            [
              [
                115.32602021341212,
                31.398750000212374
              ],
              [
                115.32624999993766,
                31.398825524455034
              ],
              [
                115.32624999993766,
                31.398750000212374
              ],
              [
                115.32602021341212,
                31.398750000212374
              ]
            ]
          ],
          [
            [
              [
                115.32458333315435,
                31.397916666820777
              ],
              [
                115.31791666692072,
                31.388750000412244
              ],
              [
                115.30791666622122,
                31.384583333454145
              ],
              [
                115.3037833337441,
                31.384583333454145
              ],
              [
                115.32458333315435,
                31.397916666820777
              ]
            ]
          ],
          [
            [
              [
                115.30342653498121,
                31.384583333454145
              ],
              [
                115.29041666679575,
                31.397916666820777
              ],
              [
                115.27980833590533,
                31.402083333778876
              ],
              [
                115.2901,
                31.3997
              ],
              [
                115.30342653498121,
                31.384583333454145
              ]
            ]
          ],
          [
            [
              [
                115.27875000021243,
                31.40125000038728
              ],
              [
                115.27625000003752,
                31.40146692914036
              ],
              [
                115.27875000021243,
                31.401900000036797
              ],
              [
                115.27875000021243,
                31.40125000038728
              ]
            ]
          ],
          [
            [
              [
                115.27499772950839,
                31.40125000038728
              ],
              [
                115.27541666664592,
                31.401322572174884
              ],
              [
                115.27541666664592,
                31.40125000038728
              ],
              [
                115.27499772950839,
                31.40125000038728
              ]
            ]
          ],
          [
            [
              [
                115.27374999986262,
                31.401033858243917
              ],
              [
                115.27291666647102,
                31.399583333604028
              ],
              [
                115.27036126171487,
                31.399583333604028
              ],
              [
                115.27374999986262,
                31.401033858243917
              ]
            ]
          ],
          [
            [
              [
                115.26477567573856,
                31.396250000037526
              ],
              [
                115.2654166668458,
                31.396632526988615
              ],
              [
                115.2654166668458,
                31.396250000037526
              ],
              [
                115.26477567573856,
                31.396250000037526
              ]
            ]
          ],
          [
            [
              [
                115.26375000006249,
                31.39541666664593
              ],
              [
                115.25291666687076,
                31.387083333628993
              ],
              [
                115.24624999973776,
                31.397916666820777
              ],
              [
                115.2501,
                31.3938
              ],
              [
                115.26375000006249,
                31.39541666664593
              ]
            ]
          ],
          [
            [
              [
                115.2388,
                31.4247
              ],
              [
                115.23791666672082,
                31.42041666659594
              ],
              [
                115.23624999993763,
                31.42428589742577
              ],
              [
                115.2388,
                31.4247
              ]
            ]
          ],
          [
            [
              [
                115.20208333357903,
                31.447916666720857
              ],
              [
                115.20708333302946,
                31.45541666634614
              ],
              [
                115.20846975944237,
                31.459583333304238
              ],
              [
                115.207,
                31.4541
              ],
              [
                115.20208333357903,
                31.447916666720857
              ]
            ]
          ],
          [
            [
              [
                115.2089164948688,
                31.46125000008749
              ],
              [
                115.20874999981265,
                31.46062884545492
              ],
              [
                115.20874999981265,
                31.46125000008749
              ],
              [
                115.2089164948688,
                31.46125000008749
              ]
            ]
          ],
          [
            [
              [
                115.21008698481643,
                31.4862500000375
              ],
              [
                115.20708333302946,
                31.495416666446033
              ],
              [
                115.21034005784426,
                31.497916666620938
              ],
              [
                115.21008698481643,
                31.4862500000375
              ]
            ]
          ]
        ]
      }
    },
    {
      "type": "Feature",
      "id": "PF_462788",
      "properties": {
        "id": "PF_462788",
        "pfafId": 462788,
        "downstream": "OUTLET",
        "areaKm2": 4.876844,
        "source": "Pfafstetter level_6 AOI-clipped project-provided vector",
        "name": "黄冈·农业区3",
        "code": "PF_462788"
      },
      "geometry": {
        "type": "MultiPolygon",
        "coordinates": [
          [
            [
              [
                115.65125000018747,
                31.212916666471017
              ],
              [
                115.6501,
                31.2132
              ],
              [
                115.65125000018747,
                31.21309545452841
              ],
              [
                115.65125000018747,
                31.212916666471017
              ]
            ]
          ],
          [
            [
              [
                115.64458333305447,
                31.21208333307942
              ],
              [
                115.63208333307944,
                31.189583333304256
              ],
              [
                115.62003888825751,
                31.184583332954503
              ],
              [
                115.6312,
                31.2022
              ],
              [
                115.64458333305447,
                31.21208333307942
              ]
            ]
          ],
          [
            [
              [
                115.60874999991267,
                31.178750000112473
              ],
              [
                115.59958333350414,
                31.170416667095537
              ],
              [
                115.60041666689574,
                31.16208333317934
              ],
              [
                115.59053603606331,
                31.15208333337921
              ],
              [
                115.5986,
                31.176
              ],
              [
                115.60874999991267,
                31.178750000112473
              ]
            ]
          ],
          [
            [
              [
                115.59041666709561,
                31.15041666659596
              ],
              [
                115.58904954947283,
                31.149583333204305
              ],
              [
                115.59041666709561,
                31.15188257647898
              ],
              [
                115.59041666709561,
                31.15041666659596
              ]
            ]
          ],
          [
            [
              [
                115.5879166669207,
                31.148749999812708
              ],
              [
                115.5820833331793,
                31.14458333375393
              ],
              [
                115.5779166662212,
                31.146249999637803
              ],
              [
                115.5779166662212,
                31.14787777801536
              ],
              [
                115.5879166669207,
                31.148749999812708
              ]
            ]
          ],
          [
            [
              [
                115.57708333372898,
                31.14832222201121
              ],
              [
                115.57784375046052,
                31.147916666421054
              ],
              [
                115.57708333372898,
                31.147916666421054
              ],
              [
                115.57708333372898,
                31.14832222201121
              ]
            ]
          ],
          [
            [
              [
                115.57625000033727,
                31.14876666648679
              ],
              [
                115.57628125035117,
                31.148749999812708
              ],
              [
                115.57625000033727,
                31.148749999812708
              ],
              [
                115.57625000033727,
                31.14876666648679
              ]
            ]
          ],
          [
            [
              [
                115.55380684212456,
                31.16374999996259
              ],
              [
                115.5504166669956,
                31.16541666674584
              ],
              [
                115.5504166669956,
                31.168750000312343
              ],
              [
                115.55380684212456,
                31.16374999996259
              ]
            ]
          ],
          [
            [
              [
                115.53616846301242,
                31.194583333653952
              ],
              [
                115.52874999971277,
                31.202916666670887
              ],
              [
                115.53375000006247,
                31.211249999687766
              ],
              [
                115.53616846301242,
                31.194583333653952
              ]
            ]
          ],
          [
            [
              [
                115.53408770685219,
                31.21208333307942
              ],
              [
                115.53291666667087,
                31.21374999986267
              ],
              [
                115.53413498817937,
                31.215416666645922
              ],
              [
                115.53408770685219,
                31.21208333307942
              ]
            ]
          ],
          [
            [
              [
                115.53422955083374,
                31.22208333377887
              ],
              [
                115.53291666667087,
                31.2237499996628
              ],
              [
                115.53426501181639,
                31.224583333054454
              ],
              [
                115.53422955083374,
                31.22208333377887
              ]
            ]
          ],
          [
            [
              [
                115.53291666667087,
                31.236611154848532
              ],
              [
                115.53313000021393,
                31.236249999637835
              ],
              [
                115.53291666667087,
                31.236249999637835
              ],
              [
                115.53291666667087,
                31.236611154848532
              ]
            ]
          ],
          [
            [
              [
                115.53208333327927,
                31.238021916102024
              ],
              [
                115.53214550402103,
                31.237916666421086
              ],
              [
                115.53208333327927,
                31.237916666421086
              ],
              [
                115.53208333327927,
                31.238021916102024
              ]
            ]
          ],
          [
            [
              [
                115.53124999988768,
                31.239432677355513
              ],
              [
                115.53165325592461,
                31.238749999812683
              ],
              [
                115.53124999988768,
                31.238749999812683
              ],
              [
                115.53124999988768,
                31.239432677355513
              ]
            ]
          ],
          [
            [
              [
                115.52958333310437,
                31.242254199862685
              ],
              [
                115.52968426353881,
                31.242083333379185
              ],
              [
                115.52958333310437,
                31.242083333379185
              ],
              [
                115.52958333310437,
                31.242254199862685
              ]
            ]
          ],
          [
            [
              [
                115.52791666632118,
                31.245075722369666
              ],
              [
                115.52919201544238,
                31.242916666770782
              ],
              [
                115.52791666632118,
                31.242916666770782
              ],
              [
                115.52791666632118,
                31.245075722369666
              ]
            ]
          ],
          [
            [
              [
                115.52708333292958,
                31.246486483623155
              ],
              [
                115.52771527115301,
                31.245416666945687
              ],
              [
                115.52708333292958,
                31.245416666945687
              ],
              [
                115.52708333292958,
                31.246486483623155
              ]
            ]
          ],
          [
            [
              [
                115.52541666704565,
                31.249308004607762
              ],
              [
                115.52574627929845,
                31.24874999961287
              ],
              [
                115.52541666704565,
                31.24874999961287
              ],
              [
                115.52541666704565,
                31.249308004607762
              ]
            ]
          ],
          [
            [
              [
                115.50208333297951,
                31.26791666672085
              ],
              [
                115.49625000013748,
                31.2620833329795
              ],
              [
                115.48208333337914,
                31.26957405661544
              ],
              [
                115.492,
                31.2721
              ],
              [
                115.50208333297951,
                31.26791666672085
              ]
            ]
          ],
          [
            [
              [
                115.47708333302944,
                31.26791666672085
              ],
              [
                115.46791666662091,
                31.265416666546002
              ],
              [
                115.46541666644612,
                31.269506695271684
              ],
              [
                115.4708,
                31.2667
              ],
              [
                115.47708333302944,
                31.26791666672085
              ]
            ]
          ],
          [
            [
              [
                115.4645833330544,
                31.269941168236592
              ],
              [
                115.46526967180361,
                31.2695833335041
              ],
              [
                115.4645833330544,
                31.2695833335041
              ],
              [
                115.4645833330544,
                31.269941168236592
              ]
            ]
          ],
          [
            [
              [
                115.45538712117369,
                31.281250000087482
              ],
              [
                115.45124999968778,
                31.288749999712763
              ],
              [
                115.45714897580353,
                31.309583333603996
              ],
              [
                115.45538712117369,
                31.281250000087482
              ]
            ]
          ]
        ]
      }
    },
    {
      "type": "Feature",
      "id": "PF_462789",
      "properties": {
        "id": "PF_462789",
        "pfafId": 462789,
        "downstream": "OUTLET",
        "areaKm2": 2.249895,
        "source": "Pfafstetter level_6 AOI-clipped project-provided vector",
        "name": "黄冈·农业区2",
        "code": "PF_462789"
      },
      "geometry": {
        "type": "MultiPolygon",
        "coordinates": [
          [
            [
              [
                115.44708333362905,
                31.315136163616867
              ],
              [
                115.45124999968778,
                31.312916666271178
              ],
              [
                115.44708333362905,
                31.313749999662832
              ],
              [
                115.44708333362905,
                31.315136163616867
              ]
            ]
          ],
          [
            [
              [
                115.43125000008752,
                31.349535156158378
              ],
              [
                115.43199999970169,
                31.348750000312293
              ],
              [
                115.43125000008752,
                31.348750000312293
              ],
              [
                115.43125000008752,
                31.349535156158378
              ]
            ]
          ],
          [
            [
              [
                115.42874999991261,
                31.350416667095544
              ],
              [
                115.41791666672088,
                31.348750000312293
              ],
              [
                115.41624999993758,
                31.350887684695852
              ],
              [
                115.4221,
                31.354
              ],
              [
                115.42874999991261,
                31.350416667095544
              ]
            ]
          ],
          [
            [
              [
                115.41223194503144,
                31.348750000312293
              ],
              [
                115.41291666637107,
                31.349114285557025
              ],
              [
                115.41291666637107,
                31.348750000312293
              ],
              [
                115.41223194503144,
                31.348750000312293
              ]
            ]
          ],
          [
            [
              [
                115.41124999958788,
                31.347916666920696
              ],
              [
                115.40291666657095,
                31.338749999612844
              ],
              [
                115.39124999998762,
                31.344583333354194
              ],
              [
                115.4018,
                31.3432
              ],
              [
                115.41124999958788,
                31.347916666920696
              ]
            ]
          ],
          [
            [
              [
                115.37524105686758,
                31.35875000011248
              ],
              [
                115.38375000036228,
                31.341249999787692
              ],
              [
                115.36625000003755,
                31.35124999958788
              ],
              [
                115.37524105686758,
                31.35875000011248
              ]
            ]
          ],
          [
            [
              [
                115.37208333377885,
                31.371250000087514
              ],
              [
                115.37277804237014,
                31.372916666870708
              ],
              [
                115.37243412700218,
                31.371250000087514
              ],
              [
                115.37208333377885,
                31.371250000087514
              ]
            ]
          ],
          [
            [
              [
                115.37295000005413,
                31.373750000262362
              ],
              [
                115.37291666627118,
                31.373588459621892
              ],
              [
                115.37291666627118,
                31.373750000262362
              ],
              [
                115.37295000005413,
                31.373750000262362
              ]
            ]
          ],
          [
            [
              [
                115.38028703691717,
                31.397916666820777
              ],
              [
                115.37541666644609,
                31.399583333604028
              ],
              [
                115.37458333305449,
                31.401767605798753
              ],
              [
                115.3796,
                31.3988
              ],
              [
                115.38028703691717,
                31.397916666820777
              ]
            ]
          ],
          [
            [
              [
                115.37374999966278,
                31.402260563579766
              ],
              [
                115.37404960242142,
                31.402083333778876
              ],
              [
                115.37374999966278,
                31.402083333778876
              ],
              [
                115.37374999966278,
                31.402260563579766
              ]
            ]
          ]
        ]
      }
    },
    {
      "type": "Feature",
      "id": "PF_462790",
      "properties": {
        "id": "PF_462790",
        "pfafId": 462790,
        "downstream": "OUTLET",
        "areaKm2": 0.252525,
        "source": "Pfafstetter level_6 AOI-clipped project-provided vector",
        "name": "黄冈·丘陵1",
        "code": "PF_462790"
      },
      "geometry": {
        "type": "Polygon",
        "coordinates": [
          [
            [
              115.12474375247935,
              31.499999518472666
            ],
            [
              115.12472414905129,
              31.499800481527334
            ],
            [
              115.12463443229265,
              31.499909801714033
            ],
            [
              115.12474375247935,
              31.499999518472666
            ]
          ]
        ]
      }
    },
    {
      "type": "Feature",
      "id": "PF_462902",
      "properties": {
        "id": "PF_462902",
        "pfafId": 462902,
        "downstream": "OUTLET",
        "areaKm2": 0.82237,
        "source": "Pfafstetter level_6 AOI-clipped project-provided vector",
        "name": "黄冈·农业丘陵1",
        "code": "PF_462902"
      },
      "geometry": {
        "type": "Polygon",
        "coordinates": [
          [
            [
              115.0127679202509,
              31.499999518472666
            ],
            [
              115.01274831682284,
              31.499800481527334
            ],
            [
              115.0126586000642,
              31.499909801714033
            ],
            [
              115.0127679202509,
              31.499999518472666
            ]
          ]
        ]
      }
    },
    {
      "type": "Feature",
      "id": "PF_462906",
      "properties": {
        "id": "PF_462906",
        "pfafId": 462906,
        "downstream": "OUTLET",
        "areaKm2": 453.662437,
        "source": "Pfafstetter level_6 AOI-clipped project-provided vector",
        "name": "孝感·农业区1",
        "code": "PF_462906"
      },
      "geometry": {
        "type": "Polygon",
        "coordinates": [
          [
            [
              114.42515120392072,
              31.499999518472666
            ],
            [
              114.42513160049266,
              31.499800481527334
            ],
            [
              114.42504188373402,
              31.499909801714033
            ],
            [
              114.42515120392072,
              31.499999518472666
            ]
          ]
        ]
      }
    },
    {
      "type": "Feature",
      "id": "PF_462908",
      "properties": {
        "id": "PF_462908",
        "pfafId": 462908,
        "downstream": "OUTLET",
        "areaKm2": 0.539029,
        "source": "Pfafstetter level_6 AOI-clipped project-provided vector",
        "name": "孝感·农业丘陵",
        "code": "PF_462908"
      },
      "geometry": {
        "type": "Polygon",
        "coordinates": [
          [
            [
              114.11985146850357,
              31.499999518472666
            ],
            [
              114.11983186507551,
              31.499800481527334
            ],
            [
              114.11974214831687,
              31.499909801714033
            ],
            [
              114.11985146850357,
              31.499999518472666
            ]
          ]
        ]
      }
    },
    {
      "type": "Feature",
      "id": "PF_463088",
      "properties": {
        "id": "PF_463088",
        "pfafId": 463088,
        "downstream": "PF_463087",
        "areaKm2": 16.325751,
        "source": "Pfafstetter level_6 AOI-clipped project-provided vector",
        "name": "黄冈·农业区8",
        "code": "PF_463088"
      },
      "geometry": {
        "type": "MultiPolygon",
        "coordinates": [
          [
            [
              [
                115.79541666704563,
                30.760740266472638
              ],
              [
                115.80791666702066,
                30.759583332904526
              ],
              [
                115.81208333307939,
                30.75431076389418
              ],
              [
                115.79541666704563,
                30.760740266472638
              ]
            ]
          ],
          [
            [
              [
                115.82708333322933,
                30.757565129987494
              ],
              [
                115.82791666662092,
                30.75875000041225
              ],
              [
                115.83049285832912,
                30.75875000041225
              ],
              [
                115.82708333322933,
                30.757565129987494
              ]
            ]
          ],
          [
            [
              [
                115.8968,
                30.4711
              ],
              [
                115.88958333310438,
                30.454583333154346
              ],
              [
                115.88874999971279,
                30.464583332954476
              ],
              [
                115.87125000028732,
                30.46708333312938
              ],
              [
                115.88791666632119,
                30.485416666845765
              ],
              [
                115.8968,
                30.4711
              ]
            ]
          ],
          [
            [
              [
                115.89291666667089,
                30.497083333429146
              ],
              [
                115.87541666634615,
                30.520416666595963
              ],
              [
                115.88041666669585,
                30.553445408137357
              ],
              [
                115.9075,
                30.5234
              ],
              [
                115.89291666667089,
                30.497083333429146
              ]
            ]
          ],
          [
            [
              [
                115.87958333330425,
                30.554185204107448
              ],
              [
                115.88007356371081,
                30.553749999562854
              ],
              [
                115.87958333330425,
                30.553749999562854
              ],
              [
                115.87958333330425,
                30.554185204107448
              ]
            ]
          ],
          [
            [
              [
                115.87874999991266,
                30.55492500007754
              ],
              [
                115.8791348663271,
                30.554583332954508
              ],
              [
                115.87874999991266,
                30.554583332954508
              ],
              [
                115.87874999991266,
                30.55492500007754
              ]
            ]
          ],
          [
            [
              [
                115.87791666652106,
                30.55566479604763
              ],
              [
                115.87819616894346,
                30.555416666346105
              ],
              [
                115.87791666652106,
                30.555416666346105
              ],
              [
                115.87791666652106,
                30.55566479604763
              ]
            ]
          ],
          [
            [
              [
                115.87386245523838,
                30.567083332929542
              ],
              [
                115.87041666689572,
                30.57124999988764
              ],
              [
                115.87291666707063,
                30.576250000237394
              ],
              [
                115.87386245523838,
                30.567083332929542
              ]
            ]
          ],
          [
            [
              [
                115.87041666689572,
                30.585416666645926
              ],
              [
                115.8520833331794,
                30.592083333778874
              ],
              [
                115.84791666622118,
                30.599175085236304
              ],
              [
                115.8657,
                30.5911
              ],
              [
                115.87041666689572,
                30.585416666645926
              ]
            ]
          ],
          [
            [
              [
                115.83791666642105,
                30.604583333753908
              ],
              [
                115.83708333302945,
                30.605891666775197
              ],
              [
                115.83938868986036,
                30.604583333753908
              ],
              [
                115.83791666642105,
                30.604583333753908
              ]
            ]
          ],
          [
            [
              [
                115.83541666624626,
                30.605416666246185
              ],
              [
                115.82291666627123,
                30.608749999812687
              ],
              [
                115.81818648647636,
                30.601250000187406
              ],
              [
                115.8211,
                30.61
              ],
              [
                115.83541666624626,
                30.605416666246185
              ]
            ]
          ],
          [
            [
              [
                115.81791666682079,
                30.597916666620904
              ],
              [
                115.81541666664589,
                30.598773333316704
              ],
              [
                115.81791666682079,
                30.60077333345663
              ],
              [
                115.81791666682079,
                30.597916666620904
              ]
            ]
          ],
          [
            [
              [
                115.80313224027852,
                30.642083333678954
              ],
              [
                115.79541666704563,
                30.645416666346136
              ],
              [
                115.79291666687072,
                30.65616142834405
              ],
              [
                115.80313224027852,
                30.642083333678954
              ]
            ]
          ],
          [
            [
              [
                115.76791666692066,
                30.66958333290455
              ],
              [
                115.76875000031237,
                30.67166644707661
              ],
              [
                115.77097981266556,
                30.66958333290455
              ],
              [
                115.76791666692066,
                30.66958333290455
              ]
            ]
          ]
        ]
      }
    },
    {
      "type": "Feature",
      "id": "PF_463089",
      "properties": {
        "id": "PF_463089",
        "pfafId": 463089,
        "downstream": "PF_463087",
        "areaKm2": 1.596474,
        "source": "Pfafstetter level_6 AOI-clipped project-provided vector",
        "name": "黄冈·农业区6",
        "code": "PF_463089"
      },
      "geometry": {
        "type": "MultiPolygon",
        "coordinates": [
          [
            [
              [
                115.84833694034417,
                30.76625000003753
              ],
              [
                115.84791666622118,
                30.765904498611274
              ],
              [
                115.84791666622118,
                30.76625000003753
              ],
              [
                115.84833694034417,
                30.76625000003753
              ]
            ]
          ],
          [
            [
              [
                115.84874999961289,
                30.766589570233908
              ],
              [
                115.84958333300449,
                30.769583333604032
              ],
              [
                115.85239166699596,
                30.769583333604032
              ],
              [
                115.84874999961289,
                30.766589570233908
              ]
            ]
          ],
          [
            [
              [
                115.85340534865887,
                30.77041666699563
              ],
              [
                115.85291666657099,
                30.7700149283467
              ],
              [
                115.85291666657099,
                30.77041666699563
              ],
              [
                115.85340534865887,
                30.77041666699563
              ]
            ]
          ],
          [
            [
              [
                115.85543271198476,
                30.77208333377888
              ],
              [
                115.85541666674578,
                30.772070143214318
              ],
              [
                115.85541666674578,
                30.77208333377888
              ],
              [
                115.85543271198476,
                30.77208333377888
              ]
            ]
          ],
          [
            [
              [
                115.86041666709559,
                30.783050640745188
              ],
              [
                115.86062156816251,
                30.782916666970664
              ],
              [
                115.86041666709559,
                30.782916666970664
              ],
              [
                115.86041666709559,
                30.783050640745188
              ]
            ]
          ],
          [
            [
              [
                115.85791666692069,
                30.784685256244163
              ],
              [
                115.85807254837636,
                30.784583333753915
              ],
              [
                115.85791666692069,
                30.784583333753915
              ],
              [
                115.85791666692069,
                30.784685256244163
              ]
            ]
          ],
          [
            [
              [
                115.85557460335855,
                30.786249999637846
              ],
              [
                115.85124999978768,
                30.787083333029443
              ],
              [
                115.85291666657099,
                30.790416666595945
              ],
              [
                115.85557460335855,
                30.786249999637846
              ]
            ]
          ],
          [
            [
              [
                115.85910613351184,
                30.863749999662787
              ],
              [
                115.85875000031228,
                30.863371344205547
              ],
              [
                115.85875000031228,
                30.863749999662787
              ],
              [
                115.85910613351184,
                30.863749999662787
              ]
            ]
          ],
          [
            [
              [
                115.859583333704,
                30.86624999983769
              ],
              [
                115.8622412018848,
                30.86708333322929
              ],
              [
                115.859583333704,
                30.864257378523213
              ],
              [
                115.859583333704,
                30.86624999983769
              ]
            ]
          ],
          [
            [
              [
                115.88036896510383,
                30.87874999981267
              ],
              [
                115.87958333330425,
                30.878394010403486
              ],
              [
                115.87958333330425,
                30.87874999981267
              ],
              [
                115.88036896510383,
                30.87874999981267
              ]
            ]
          ],
          [
            [
              [
                115.88220804569231,
                30.879583333204323
              ],
              [
                115.88041666669585,
                30.878771614596555
              ],
              [
                115.88041666669585,
                30.879583333204323
              ],
              [
                115.88220804569231,
                30.879583333204323
              ]
            ]
          ],
          [
            [
              [
                115.88404712628066,
                30.88041666659592
              ],
              [
                115.88375000026235,
                30.880282031368875
              ],
              [
                115.88375000026235,
                30.88041666659592
              ],
              [
                115.88404712628066,
                30.88041666659592
              ]
            ]
          ],
          [
            [
              [
                115.88458333365395,
                30.880659635561944
              ],
              [
                115.88541666704566,
                30.882916666770825
              ],
              [
                115.88829000019253,
                30.88208333337917
              ],
              [
                115.88458333365395,
                30.880659635561944
              ]
            ]
          ],
          [
            [
              [
                115.8945833334542,
                30.88358174606052
              ],
              [
                115.90041666629622,
                30.885416666945673
              ],
              [
                115.90041666629622,
                30.88497063483243
              ],
              [
                115.8945833334542,
                30.88358174606052
              ]
            ]
          ],
          [
            [
              [
                115.90229000117183,
                30.885416666945673
              ],
              [
                115.90208333307942,
                30.885367460257
              ],
              [
                115.90208333307942,
                30.885416666945673
              ],
              [
                115.90229000117183,
                30.885416666945673
              ]
            ]
          ],
          [
            [
              [
                115.91291666627114,
                30.887946825302652
              ],
              [
                115.90541666664592,
                30.889583333004452
              ],
              [
                115.91291666627114,
                30.889583333004452
              ],
              [
                115.91291666627114,
                30.887946825302652
              ]
            ]
          ],
          [
            [
              [
                115.93041666659599,
                30.900437547826098
              ],
              [
                115.93124999998759,
                30.90541666654599
              ],
              [
                115.93458333355409,
                30.90541666654599
              ],
              [
                115.93041666659599,
                30.900437547826098
              ]
            ]
          ],
          [
            [
              [
                115.9526,
                30.9141
              ],
              [
                115.94708333352912,
                30.913749999562867
              ],
              [
                115.95556506171265,
                30.919583333304217
              ],
              [
                115.9526,
                30.9141
              ]
            ]
          ],
          [
            [
              [
                115.97373811833937,
                30.935416666845754
              ],
              [
                115.97208333347908,
                30.934481937019264
              ],
              [
                115.97208333347908,
                30.935416666845754
              ],
              [
                115.97373811833937,
                30.935416666845754
              ]
            ]
          ],
          [
            [
              [
                115.97521339754938,
                30.93625000023735
              ],
              [
                115.97375000026238,
                30.93542337852659
              ],
              [
                115.97375000026238,
                30.93625000023735
              ],
              [
                115.97521339754938,
                30.93625000023735
              ]
            ]
          ]
        ]
      }
    },
    {
      "type": "Feature",
      "id": "PF_463087",
      "properties": {
        "id": "PF_463087",
        "pfafId": 463087,
        "downstream": "OUTLET",
        "areaKm2": 0.548127,
        "source": "Pfafstetter level_6 AOI-clipped project-provided vector",
        "name": "黄冈·丘陵3",
        "code": "PF_463087"
      },
      "geometry": {
        "type": "Polygon",
        "coordinates": [
          [
            [
              115.93787479681718,
              30.429583333204334
            ],
            [
              115.91708333322936,
              30.43041666659593
            ],
            [
              115.91458333305445,
              30.433650877339765
            ],
            [
              115.9329,
              30.4327
            ],
            [
              115.93787479681718,
              30.429583333204334
            ]
          ]
        ]
      }
    },
    {
      "type": "Feature",
      "id": "PF_463096",
      "properties": {
        "id": "PF_463096",
        "pfafId": 463096,
        "downstream": "OUTLET",
        "areaKm2": 2531.388114,
        "source": "Pfafstetter level_6 AOI-clipped project-provided vector",
        "name": "黄冈·城区4",
        "code": "PF_463096"
      },
      "geometry": {
        "type": "MultiPolygon",
        "coordinates": [
          [
            [
              [
                115.99875000021245,
                29.75541666704561
              ],
              [
                115.94875000031232,
                29.748749999912604
              ],
              [
                115.94041666639612,
                29.733749999762722
              ],
              [
                115.92958333320428,
                29.732916666371125
              ],
              [
                115.92125000018746,
                29.733749999762722
              ],
              [
                115.91458333305445,
                29.753750000262357
              ],
              [
                115.89958333290451,
                29.742083333678977
              ],
              [
                115.84458333355406,
                29.76708333362899
              ],
              [
                115.82708333322933,
                29.796249999637837
              ],
              [
                115.80625000023736,
                29.804583333554035
              ],
              [
                115.8170833334292,
                29.819583333703918
              ],
              [
                115.80375000006256,
                29.8270833333292
              ],
              [
                115.82291666627123,
                29.833749999562883
              ],
              [
                115.81208333307939,
                29.85708333362902
              ],
              [
                115.77708333332919,
                29.85541666684577
              ],
              [
                115.73125000038726,
                29.8687500002124
              ],
              [
                115.64624999983766,
                29.8612499996878
              ],
              [
                115.62958333290453,
                29.867916666820747
              ],
              [
                115.6229166666709,
                29.85708333362902
              ],
              [
                115.59791666672083,
                29.849583333104363
              ],
              [
                115.52125000008755,
                29.845416667045583
              ],
              [
                115.47208333357901,
                29.8654166666459
              ],
              [
                115.45208333307937,
                29.88458333375388
              ],
              [
                115.46708333322931,
                29.895416666945664
              ],
              [
                115.45541666664587,
                29.9079166669207
              ],
              [
                115.46041666699568,
                29.927916666521014
              ],
              [
                115.49374999996257,
                29.97708333302944
              ],
              [
                115.46374999966281,
                30.00208333297951
              ],
              [
                115.48791666622128,
                30.01958333330424
              ],
              [
                115.48791666622128,
                30.047916666820754
              ],
              [
                115.53041666649597,
                30.042083333079404
              ],
              [
                115.56458333375394,
                30.097916666720835
              ],
              [
                115.56874999981267,
                30.11625000043722
              ],
              [
                115.55875000001254,
                30.143749999662816
              ],
              [
                115.57458333355407,
                30.146249999837664
              ],
              [
                115.59208333297954,
                30.16458333355405
              ],
              [
                115.61041666669587,
                30.165416666945703
              ],
              [
                115.60125000028734,
                30.17041666639608
              ],
              [
                115.60791666652096,
                30.196249999737745
              ],
              [
                115.65291666697067,
                30.195416666346148
              ],
              [
                115.697916666521,
                30.178750000312334
              ],
              [
                115.76374999996256,
                30.199583333304247
              ],
              [
                115.7812500002874,
                30.1970833331294
              ],
              [
                115.80541666684576,
                30.227083333429164
              ],
              [
                115.82374999966282,
                30.227083333429164
              ],
              [
                115.83375000036233,
                30.243750000362297
              ],
              [
                115.83041666679583,
                30.26458333335421
              ],
              [
                115.84625000033736,
                30.26458333335421
              ],
              [
                115.87125000028732,
                30.284583332954526
              ],
              [
                115.91875000001255,
                30.294583333653975
              ],
              [
                115.91855277811996,
                30.304583333454104
              ],
              [
                115.9337,
                30.3096
              ],
              [
                115.9802,
                30.2936
              ],
              [
                115.9847,
                30.266
              ],
              [
                116.0,
                30.25273679245283
              ],
              [
                115.99875000021245,
                29.75541666704561
              ]
            ]
          ],
          [
            [
              [
                115.91208333377892,
                30.306436015100314
              ],
              [
                115.91245113589432,
                30.306250000237355
              ],
              [
                115.91208333377892,
                30.306250000237355
              ],
              [
                115.91208333377892,
                30.306436015100314
              ]
            ]
          ],
          [
            [
              [
                115.91080340850627,
                30.30708333362901
              ],
              [
                115.90541666664592,
                30.307916667020606
              ],
              [
                115.90124999968782,
                30.31191494268662
              ],
              [
                115.91080340850627,
                30.30708333362901
              ]
            ]
          ],
          [
            [
              [
                115.90673805006043,
                30.344583333554056
              ],
              [
                115.89958333290451,
                30.346250000337307
              ],
              [
                115.89958333290451,
                30.350799727148537
              ],
              [
                115.90673805006043,
                30.344583333554056
              ]
            ]
          ],
          [
            [
              [
                115.89875000041229,
                30.351523770133582
              ],
              [
                115.89906509458399,
                30.351249999787683
              ],
              [
                115.89875000041229,
                30.351249999787683
              ],
              [
                115.89875000041229,
                30.351523770133582
              ]
            ]
          ],
          [
            [
              [
                115.89291666667089,
                30.35541666674584
              ],
              [
                115.89291666667089,
                30.357760243050237
              ],
              [
                115.89477603299504,
                30.35541666674584
              ],
              [
                115.89291666667089,
                30.35541666674584
              ]
            ]
          ],
          [
            [
              [
                115.89208333327929,
                30.358810590345897
              ],
              [
                115.89213140471087,
                30.35875000031234
              ],
              [
                115.89208333327929,
                30.35875000031234
              ],
              [
                115.89208333327929,
                30.358810590345897
              ]
            ]
          ],
          [
            [
              [
                115.89124999988769,
                30.359860937641557
              ],
              [
                115.89147024763984,
                30.359583333703938
              ],
              [
                115.89124999988769,
                30.359583333703938
              ],
              [
                115.89124999988769,
                30.359860937641557
              ]
            ]
          ],
          [
            [
              [
                115.89041666649598,
                30.36091128493736
              ],
              [
                115.89080909056884,
                30.360416667095535
              ],
              [
                115.89041666649598,
                30.360416667095535
              ],
              [
                115.89041666649598,
                30.36091128493736
              ]
            ]
          ],
          [
            [
              [
                115.88874999971279,
                30.36301197952868
              ],
              [
                115.8888256200692,
                30.36291666637112
              ],
              [
                115.88874999971279,
                30.36291666637112
              ],
              [
                115.88874999971279,
                30.36301197952868
              ]
            ]
          ],
          [
            [
              [
                115.87958333330425,
                30.381250000087505
              ],
              [
                115.87994407897843,
                30.383750000262353
              ],
              [
                115.87964802632615,
                30.381250000087505
              ],
              [
                115.87958333330425,
                30.381250000087505
              ]
            ]
          ],
          [
            [
              [
                115.91492566060984,
                30.414583333054452
              ],
              [
                115.91458333305445,
                30.414458670418675
              ],
              [
                115.91458333305445,
                30.414583333054452
              ],
              [
                115.91492566060984,
                30.414583333054452
              ]
            ]
          ],
          [
            [
              [
                115.91541666644605,
                30.414762138647983
              ],
              [
                115.91958333340415,
                30.4212500001874
              ],
              [
                115.92865582030028,
                30.419583333404148
              ],
              [
                115.91541666644605,
                30.414762138647983
              ]
            ]
          ]
        ]
      }
    },
    {
      "type": "Feature",
      "id": "PF_464208",
      "properties": {
        "id": "PF_464208",
        "pfafId": 464208,
        "downstream": "PF_464207",
        "areaKm2": 1.409162,
        "source": "Pfafstetter level_6 AOI-clipped project-provided vector",
        "name": "咸宁·农业丘陵3",
        "code": "PF_464208"
      },
      "geometry": {
        "type": "MultiPolygon",
        "coordinates": [
          [
            [
              [
                114.22791666622118,
                29.239583333604003
              ],
              [
                114.22124999998755,
                29.23794159663834
              ],
              [
                114.22124999998755,
                29.238750000212406
              ],
              [
                114.22791666622118,
                29.239583333604003
              ]
            ]
          ],
          [
            [
              [
                113.94531940284676,
                29.065416666446026
              ],
              [
                113.94541666624616,
                29.06624999983768
              ],
              [
                113.94664241071551,
                29.06875000001253
              ],
              [
                113.94531940284676,
                29.065416666446026
              ]
            ]
          ],
          [
            [
              [
                113.94752311828871,
                29.07958333320431
              ],
              [
                113.94458333375394,
                29.07624999963781
              ],
              [
                113.94624999963787,
                29.07958333320431
              ],
              [
                113.94752311828871,
                29.07958333320431
              ]
            ]
          ],
          [
            [
              [
                113.94708333302947,
                29.08208333337916
              ],
              [
                113.94710913976515,
                29.08541666694566
              ],
              [
                113.94734569892148,
                29.08208333337916
              ],
              [
                113.94708333302947,
                29.08208333337916
              ]
            ]
          ],
          [
            [
              [
                113.94791666642107,
                29.096756756278833
              ],
              [
                113.95041666659597,
                29.103749999762726
              ],
              [
                113.95329953650342,
                29.10291666637113
              ],
              [
                113.94791666642107,
                29.096756756278833
              ]
            ]
          ],
          [
            [
              [
                113.9670833335291,
                29.105228947337512
              ],
              [
                113.9679166669207,
                29.106249999937575
              ],
              [
                113.96879276310943,
                29.106249999937575
              ],
              [
                113.9679,
                29.1051
              ],
              [
                113.9670833335291,
                29.105228947337512
              ]
            ]
          ],
          [
            [
              [
                113.97267434232832,
                29.111250000287328
              ],
              [
                113.97208333297954,
                29.110488700109237
              ],
              [
                113.97208333297954,
                29.111250000287328
              ],
              [
                113.97267434232832,
                29.111250000287328
              ]
            ]
          ],
          [
            [
              [
                113.97332127219815,
                29.11208333367898
              ],
              [
                113.97291666637113,
                29.11156214651197
              ],
              [
                113.97291666637113,
                29.11208333367898
              ],
              [
                113.97332127219815,
                29.11208333367898
              ]
            ]
          ],
          [
            [
              [
                113.97374999976273,
                29.113749999562856
              ],
              [
                113.9738,
                29.1127
              ],
              [
                113.97374999976273,
                29.112635592914707
              ],
              [
                113.97374999976273,
                29.113749999562856
              ]
            ]
          ],
          [
            [
              [
                113.97482524634209,
                29.11458333295451
              ],
              [
                113.97458333315433,
                29.114138948946543
              ],
              [
                113.97458333315433,
                29.11458333295451
              ],
              [
                113.97482524634209,
                29.11458333295451
              ]
            ]
          ],
          [
            [
              [
                113.98026903370511,
                29.12458333365396
              ],
              [
                113.97958333350414,
                29.123323732197814
              ],
              [
                113.97958333350414,
                29.12458333365396
              ],
              [
                113.98026903370511,
                29.12458333365396
              ]
            ]
          ],
          [
            [
              [
                113.98041666689574,
                29.124854529406292
              ],
              [
                113.97958333350414,
                29.12791666632114
              ],
              [
                113.98299092689707,
                29.129583333104392
              ],
              [
                113.98041666689574,
                29.124854529406292
              ]
            ]
          ],
          [
            [
              [
                114.01875000021244,
                29.150416666995625
              ],
              [
                114.02458333305447,
                29.153749999662807
              ],
              [
                114.02935033784568,
                29.16041666679581
              ],
              [
                114.0291,
                29.1563
              ],
              [
                114.01875000021244,
                29.150416666995625
              ]
            ]
          ],
          [
            [
              [
                114.05266501855807,
                29.187083333529074
              ],
              [
                114.05208333317933,
                29.18661489663114
              ],
              [
                114.05208333317933,
                29.187083333529074
              ],
              [
                114.05266501855807,
                29.187083333529074
              ]
            ]
          ],
          [
            [
              [
                114.05369981716522,
                29.18791666692067
              ],
              [
                114.05291666657092,
                29.187285988123488
              ],
              [
                114.05291666657092,
                29.18791666692067
              ],
              [
                114.05369981716522,
                29.18791666692067
              ]
            ]
          ],
          [
            [
              [
                114.05374999996263,
                29.18795707961593
              ],
              [
                114.05124999978773,
                29.19958333350411
              ],
              [
                114.06002040225614,
                29.207916666520987
              ],
              [
                114.05374999996263,
                29.18795707961593
              ]
            ]
          ],
          [
            [
              [
                114.09875000041222,
                29.214681677092884
              ],
              [
                114.10041666629616,
                29.216250000437242
              ],
              [
                114.10291666647106,
                29.216250000437242
              ],
              [
                114.09875000041222,
                29.214681677092884
              ]
            ]
          ],
          [
            [
              [
                114.15684982525597,
                29.219583333104367
              ],
              [
                114.15541666654599,
                29.219293684186137
              ],
              [
                114.15541666654599,
                29.219583333104367
              ],
              [
                114.15684982525597,
                29.219583333104367
              ]
            ]
          ],
          [
            [
              [
                114.16097308943343,
                29.22041666649602
              ],
              [
                114.15958333350409,
                29.220135789508195
              ],
              [
                114.15958333350409,
                29.22041666649602
              ],
              [
                114.16097308943343,
                29.22041666649602
              ]
            ]
          ],
          [
            [
              [
                114.18791666702066,
                29.22708333362897
              ],
              [
                114.19291666647109,
                29.226872631539422
              ],
              [
                114.18791666702066,
                29.225862105334706
              ],
              [
                114.18791666702066,
                29.22708333362897
              ]
            ]
          ],
          [
            [
              [
                114.21708333302945,
                29.23791666682075
              ],
              [
                114.2196,
                29.2379
              ],
              [
                114.21708333302945,
                29.236734876402522
              ],
              [
                114.21708333302945,
                29.23791666682075
              ]
            ]
          ]
        ]
      }
    },
    {
      "type": "Feature",
      "id": "PF_464207",
      "properties": {
        "id": "PF_464207",
        "pfafId": 464207,
        "downstream": "PF_464205",
        "areaKm2": 2.912285,
        "source": "Pfafstetter level_6 AOI-clipped project-provided vector",
        "name": "咸宁·农业丘陵2",
        "code": "PF_464207"
      },
      "geometry": {
        "type": "MultiPolygon",
        "coordinates": [
          [
            [
              [
                114.30125000018745,
                29.365669801922664
              ],
              [
                114.31958333300452,
                29.360416666396077
              ],
              [
                114.32124999978771,
                29.353423077296338
              ],
              [
                114.30125000018745,
                29.365669801922664
              ]
            ]
          ],
          [
            [
              [
                114.32153802077411,
                29.352916666770795
              ],
              [
                114.32374999996262,
                29.351249999987544
              ],
              [
                114.32374999996262,
                29.349027472593203
              ],
              [
                114.32153802077411,
                29.352916666770795
              ]
            ]
          ],
          [
            [
              [
                114.32390781260654,
                29.348749999812696
              ],
              [
                114.32791666692071,
                29.344583333753917
              ],
              [
                114.32791666692071,
                29.341701464754777
              ],
              [
                114.32390781260654,
                29.348749999812696
              ]
            ]
          ],
          [
            [
              [
                114.33624999993765,
                29.332313043532476
              ],
              [
                114.33555583378816,
                29.33291666627116
              ],
              [
                114.33624999993765,
                29.33291666627116
              ],
              [
                114.33624999993765,
                29.332313043532476
              ]
            ]
          ],
          [
            [
              [
                114.35375000026238,
                29.326540350867987
              ],
              [
                114.35458333365398,
                29.327916666820784
              ],
              [
                114.3570833329295,
                29.327916666820784
              ],
              [
                114.35375000026238,
                29.326540350867987
              ]
            ]
          ],
          [
            [
              [
                114.42624999993757,
                29.341250000187415
              ],
              [
                114.4354166663461,
                29.344583333753917
              ],
              [
                114.44791666632113,
                29.331611944507795
              ],
              [
                114.4347,
                29.3399
              ],
              [
                114.42624999993757,
                29.341250000187415
              ]
            ]
          ],
          [
            [
              [
                114.46958333360408,
                29.32938975538397
              ],
              [
                114.47541666644611,
                29.33291666627116
              ],
              [
                114.4779166666209,
                29.331250000387286
              ],
              [
                114.46958333360408,
                29.32938975538397
              ]
            ]
          ],
          [
            [
              [
                114.48958333320434,
                29.331202046840207
              ],
              [
                114.49375000016244,
                29.332083333778883
              ],
              [
                114.49458333355403,
                29.329009064230693
              ],
              [
                114.48958333320434,
                29.331202046840207
              ]
            ]
          ],
          [
            [
              [
                114.49625000033734,
                29.328278070027487
              ],
              [
                114.49517399951579,
                29.32875000021238
              ],
              [
                114.49625000033734,
                29.32875000021238
              ],
              [
                114.49625000033734,
                29.328278070027487
              ]
            ]
          ],
          [
            [
              [
                114.49708333372894,
                29.327912572925907
              ],
              [
                114.49707399964862,
                29.327916666820784
              ],
              [
                114.49708333372894,
                29.327916666820784
              ],
              [
                114.49708333372894,
                29.327912572925907
              ]
            ]
          ],
          [
            [
              [
                114.50458333335416,
                29.326250000037533
              ],
              [
                114.50625000013747,
                29.325896666669724
              ],
              [
                114.50458333335416,
                29.32585962963009
              ],
              [
                114.50458333335416,
                29.326250000037533
              ]
            ]
          ],
          [
            [
              [
                114.5084416668856,
                29.326250000037533
              ],
              [
                114.50708333352907,
                29.3260171428907
              ],
              [
                114.50708333352907,
                29.326250000037533
              ],
              [
                114.5084416668856,
                29.326250000037533
              ]
            ]
          ],
          [
            [
              [
                114.25,
                29.2495
              ],
              [
                114.24708333332921,
                29.256249999637816
              ],
              [
                114.24291666637112,
                29.262083333379167
              ],
              [
                114.24208333297952,
                29.2712499997877
              ],
              [
                114.24515872090801,
                29.2712499997877
              ],
              [
                114.25,
                29.2495
              ]
            ]
          ],
          [
            [
              [
                114.2494,
                29.3089
              ],
              [
                114.24791666672081,
                29.31541666684575
              ],
              [
                114.25708333312934,
                29.31958333290453
              ],
              [
                114.2494,
                29.3089
              ]
            ]
          ],
          [
            [
              [
                114.25204166687695,
                29.344583333753917
              ],
              [
                114.25208333367891,
                29.345416666246194
              ],
              [
                114.25287499981893,
                29.34624999963785
              ],
              [
                114.25204166687695,
                29.344583333753917
              ]
            ]
          ]
        ]
      }
    },
    {
      "type": "Feature",
      "id": "PF_464205",
      "properties": {
        "id": "PF_464205",
        "pfafId": 464205,
        "downstream": "OUTLET",
        "areaKm2": 2.708915,
        "source": "Pfafstetter level_6 AOI-clipped project-provided vector",
        "name": "黄石·农业区2",
        "code": "PF_464205"
      },
      "geometry": {
        "type": "MultiPolygon",
        "coordinates": [
          [
            [
              [
                115.09124999968776,
                29.534583333554053
              ],
              [
                115.09291666647107,
                29.52625405100878
              ],
              [
                115.0687499999126,
                29.53022352957629
              ],
              [
                115.08041666649603,
                29.5295833332043
              ],
              [
                115.09124999968776,
                29.534583333554053
              ]
            ]
          ],
          [
            [
              [
                115.09374999986267,
                29.525901041724843
              ],
              [
                115.09292623036323,
                29.5262499996378
              ],
              [
                115.09374999986267,
                29.5262499996378
              ],
              [
                115.09374999986267,
                29.525901041724843
              ]
            ]
          ],
          [
            [
              [
                115.09458333325426,
                29.525548032440902
              ],
              [
                115.1029166662712,
                29.52791666642105
              ],
              [
                115.1037499996628,
                29.5216649306984
              ],
              [
                115.09458333325426,
                29.525548032440902
              ]
            ]
          ],
          [
            [
              [
                114.51330277833658,
                29.32708333342913
              ],
              [
                114.5112499995879,
                29.326731428500786
              ],
              [
                114.5112499995879,
                29.32708333342913
              ],
              [
                114.51330277833658,
                29.32708333342913
              ]
            ]
          ],
          [
            [
              [
                114.51521754420264,
                29.327916666820784
              ],
              [
                114.5145833331544,
                29.327631700370052
              ],
              [
                114.5145833331544,
                29.327916666820784
              ],
              [
                114.51521754420264,
                29.327916666820784
              ]
            ]
          ],
          [
            [
              [
                114.51707218092379,
                29.32875000021238
              ],
              [
                114.5162499999376,
                29.328380574296286
              ],
              [
                114.5162499999376,
                29.32875000021238
              ],
              [
                114.51707218092379,
                29.32875000021238
              ]
            ]
          ],
          [
            [
              [
                114.51892681764507,
                29.329583333604035
              ],
              [
                114.5170833333292,
                29.328755011259403
              ],
              [
                114.5170833333292,
                29.329583333604035
              ],
              [
                114.51892681764507,
                29.329583333604035
              ]
            ]
          ],
          [
            [
              [
                114.52263609108749,
                29.331250000387286
              ],
              [
                114.522083333679,
                29.331001633038202
              ],
              [
                114.522083333679,
                29.331250000387286
              ],
              [
                114.52263609108749,
                29.331250000387286
              ]
            ]
          ],
          [
            [
              [
                114.52449072780864,
                29.332083333778883
              ],
              [
                114.52374999956294,
                29.331750506560372
              ],
              [
                114.52374999956294,
                29.332083333778883
              ],
              [
                114.52449072780864,
                29.332083333778883
              ]
            ]
          ],
          [
            [
              [
                114.52458333295453,
                29.33212494352349
              ],
              [
                114.52624999973773,
                29.333749999662814
              ],
              [
                114.52819999924958,
                29.333749999662814
              ],
              [
                114.52458333295453,
                29.33212494352349
              ]
            ]
          ],
          [
            [
              [
                114.53005463597073,
                29.33458333305441
              ],
              [
                114.52874999991263,
                29.33399712833912
              ],
              [
                114.52874999991263,
                29.33458333305441
              ],
              [
                114.53005463597073,
                29.33458333305441
              ]
            ]
          ],
          [
            [
              [
                114.54971461482182,
                29.345416666246194
              ],
              [
                114.5495833329046,
                29.345318582055164
              ],
              [
                114.5495833329046,
                29.345416666246194
              ],
              [
                114.54971461482182,
                29.345416666246194
              ]
            ]
          ],
          [
            [
              [
                114.55082999951527,
                29.34624999963785
              ],
              [
                114.5504166662962,
                29.34594118746268
              ],
              [
                114.5504166662962,
                29.34624999963785
              ],
              [
                114.55082999951527,
                29.34624999963785
              ]
            ]
          ],
          [
            [
              [
                114.5520833330794,
                29.346999898923723
              ],
              [
                114.5537499998627,
                29.348749999812696
              ],
              [
                114.5545833332543,
                29.34765141412082
              ],
              [
                114.5520833330794,
                29.346999898923723
              ]
            ]
          ],
          [
            [
              [
                114.58438023362885,
                29.3554166669457
              ],
              [
                114.58375000016247,
                29.355252424284764
              ],
              [
                114.58375000016247,
                29.3554166669457
              ],
              [
                114.58438023362885,
                29.3554166669457
              ]
            ]
          ],
          [
            [
              [
                114.5855225810151,
                29.356250000337297
              ],
              [
                114.58541666694566,
                29.35615343162693
              ],
              [
                114.58541666694566,
                29.356250000337297
              ],
              [
                114.5855225810151,
                29.356250000337297
              ]
            ]
          ],
          [
            [
              [
                114.58643655957363,
                29.357083333728895
              ],
              [
                114.58625000033726,
                29.35691323560162
              ],
              [
                114.58625000033726,
                29.357083333728895
              ],
              [
                114.58643655957363,
                29.357083333728895
              ]
            ]
          ],
          [
            [
              [
                114.58735053714587,
                29.35791666622123
              ],
              [
                114.58708333372897,
                29.357673039576415
              ],
              [
                114.58708333372897,
                29.35791666622123
              ],
              [
                114.58735053714587,
                29.35791666622123
              ]
            ]
          ],
          [
            [
              [
                114.60745806444771,
                29.376249999937613
              ],
              [
                114.60708333332923,
                29.375908333329583
              ],
              [
                114.60708333332923,
                29.376249999937613
              ],
              [
                114.60745806444771,
                29.376249999937613
              ]
            ]
          ],
          [
            [
              [
                114.60837204300624,
                29.37708333332921
              ],
              [
                114.60791666672083,
                29.376668137304275
              ],
              [
                114.60791666672083,
                29.37708333332921
              ],
              [
                114.60837204300624,
                29.37708333332921
              ]
            ]
          ],
          [
            [
              [
                114.60955614043075,
                29.377916666720864
              ],
              [
                114.60875000011242,
                29.377369642933424
              ],
              [
                114.60875000011242,
                29.377916666720864
              ],
              [
                114.60955614043075,
                29.377916666720864
              ]
            ]
          ],
          [
            [
              [
                114.60958333350413,
                29.377935119163514
              ],
              [
                114.61374999956286,
                29.38291666707056
              ],
              [
                114.62041666669586,
                29.38458333295449
              ],
              [
                114.60958333350413,
                29.377935119163514
              ]
            ]
          ],
          [
            [
              [
                114.72823088192855,
                29.39625000043725
              ],
              [
                114.73291666647106,
                29.395416667045595
              ],
              [
                114.73791666682075,
                29.387083333129397
              ],
              [
                114.72823088192855,
                29.39625000043725
              ]
            ]
          ],
          [
            [
              [
                114.74708333322928,
                29.367063377268284
              ],
              [
                114.74705575730528,
                29.36708333352908
              ],
              [
                114.74708333322928,
                29.36708333352908
              ],
              [
                114.74708333322928,
                29.367063377268284
              ]
            ]
          ],
          [
            [
              [
                114.75946161193777,
                29.37541666654596
              ],
              [
                114.75874999981272,
                29.374395293848846
              ],
              [
                114.75874999981272,
                29.37541666654596
              ],
              [
                114.75946161193777,
                29.37541666654596
              ]
            ]
          ],
          [
            [
              [
                114.75958333320432,
                29.37708333332921
              ],
              [
                114.76120341533831,
                29.377916666720864
              ],
              [
                114.75958333320432,
                29.375591372363843
              ],
              [
                114.75958333320432,
                29.37708333332921
              ]
            ]
          ],
          [
            [
              [
                114.85958333300448,
                29.406250000237378
              ],
              [
                114.86791666692068,
                29.408750000412226
              ],
              [
                114.87541666654602,
                29.401249999887625
              ],
              [
                114.87291666637111,
                29.39930674041557
              ],
              [
                114.85958333300448,
                29.406250000237378
              ]
            ]
          ]
        ]
      }
    },
    {
      "type": "Feature",
      "id": "PF_465200",
      "properties": {
        "id": "PF_465200",
        "pfafId": 465200,
        "downstream": "PF_465100",
        "areaKm2": 4739.882619,
        "source": "Pfafstetter level_6 AOI-clipped project-provided vector",
        "name": "黄石·农业区1",
        "code": "PF_465200"
      },
      "geometry": {
        "type": "Polygon",
        "coordinates": [
          [
            [
              115.1095833334042,
              29.999583333703924
            ],
            [
              115.16041666669582,
              29.998750000312327
            ],
            [
              115.19791666662093,
              29.980416666595943
            ],
            [
              115.22458333335419,
              29.98291666677079
            ],
            [
              115.25291666687076,
              29.966249999837657
            ],
            [
              115.28791666662096,
              29.97125000018741
            ],
            [
              115.30958333300453,
              29.960416666995627
            ],
            [
              115.31791666692072,
              29.944583333454148
            ],
            [
              115.33958333330429,
              29.945416666845745
            ],
            [
              115.34208333347908,
              29.93125000008746
            ],
            [
              115.38541666624621,
              29.904583333354196
            ],
            [
              115.42041666689568,
              29.898749999612846
            ],
            [
              115.43125000008752,
              29.87541666644603
            ],
            [
              115.44208333327924,
              29.87708333322928
            ],
            [
              115.43125000008752,
              29.869583333603998
            ],
            [
              115.42708333312942,
              29.84208333347908
            ],
            [
              115.46708333322931,
              29.826249999937602
            ],
            [
              115.4667,
              29.745
            ],
            [
              115.4032,
              29.6877
            ],
            [
              115.2785,
              29.6251
            ],
            [
              115.2616,
              29.6349
            ],
            [
              115.2606,
              29.6624
            ],
            [
              115.1713,
              29.6573
            ],
            [
              115.141,
              29.6645
            ],
            [
              115.1167,
              29.6886
            ],
            [
              115.1058,
              29.686
            ],
            [
              115.1036,
              29.6655
            ],
            [
              115.1378,
              29.6511
            ],
            [
              115.1291,
              29.6011
            ],
            [
              115.1672,
              29.595
            ],
            [
              115.1472,
              29.5525
            ],
            [
              115.1521,
              29.5171
            ],
            [
              115.1209,
              29.5144
            ],
            [
              115.09291666647107,
              29.52625405100878
            ],
            [
              115.09124999968776,
              29.53541666694565
            ],
            [
              115.0687499999126,
              29.53022352957629
            ],
            [
              115.0889,
              29.5483
            ],
            [
              115.0894,
              29.5649
            ],
            [
              115.0327,
              29.5557
            ],
            [
              115.0007,
              29.5745
            ],
            [
              114.9831,
              29.5722
            ],
            [
              114.9417,
              29.5396
            ],
            [
              114.9395,
              29.5301
            ],
            [
              114.9604,
              29.5263
            ],
            [
              114.9512,
              29.5052
            ],
            [
              114.9395,
              29.5012
            ],
            [
              114.9178,
              29.5258
            ],
            [
              114.9013,
              29.5189
            ],
            [
              114.897,
              29.5332
            ],
            [
              114.8652,
              29.4864
            ],
            [
              114.8831,
              29.4498
            ],
            [
              114.9118,
              29.4557
            ],
            [
              114.8983,
              29.4732
            ],
            [
              114.9182,
              29.4877
            ],
            [
              114.9308,
              29.4892
            ],
            [
              114.938,
              29.472
            ],
            [
              114.9356,
              29.4582
            ],
            [
              114.907,
              29.4407
            ],
            [
              114.9032,
              29.4209
            ],
            [
              114.8813,
              29.396
            ],
            [
              114.86791666692068,
              29.408750000412226
            ],
            [
              114.8494,
              29.4059
            ],
            [
              114.8035,
              29.385
            ],
            [
              114.7696,
              29.3856
            ],
            [
              114.748,
              29.3664
            ],
            [
              114.73291666647106,
              29.395416667045595
            ],
            [
              114.6682,
              29.399
            ],
            [
              114.61541666634616,
              29.383749999562895
            ],
            [
              114.5847,
              29.3555
            ],
            [
              114.5064,
              29.3259
            ],
            [
              114.44791666632113,
              29.331611944507795
            ],
            [
              114.4354166663461,
              29.344583333753917
            ],
            [
              114.35375000026238,
              29.326540350867987
            ],
            [
              114.3286,
              29.3405
            ],
            [
              114.31041666659598,
              29.36541666674583
            ],
            [
              114.35041666669588,
              29.387916666520994
            ],
            [
              114.34624999973778,
              29.408750000412226
            ],
            [
              114.31625000033728,
              29.449583333004455
            ],
            [
              114.27708333362898,
              29.472916667070592
            ],
            [
              114.26708333292959,
              29.467083333329242
            ],
            [
              114.25374999956284,
              29.489583333104406
            ],
            [
              114.23875000031228,
              29.495416666845756
            ],
            [
              114.28374999986272,
              29.520416666795768
            ],
            [
              114.28708333342911,
              29.530416666595954
            ],
            [
              114.27708333362898,
              29.541249999787738
            ],
            [
              114.28541666664592,
              29.538749999612833
            ],
            [
              114.30291666697065,
              29.56208333367897
            ],
            [
              114.28791666682082,
              29.574583333654004
            ],
            [
              114.29875000001255,
              29.59708333342917
            ],
            [
              114.29125000038732,
              29.6062499998377
            ],
            [
              114.33708333332925,
              29.630416666396115
            ],
            [
              114.34208333367894,
              29.678750000412265
            ],
            [
              114.36208333327932,
              29.685416666645892
            ],
            [
              114.36958333290454,
              29.678750000412265
            ],
            [
              114.3654166668457,
              29.66041666669588
            ],
            [
              114.38458333305448,
              29.66291666687073
            ],
            [
              114.4029166667708,
              29.6529166670706
            ],
            [
              114.40874999961284,
              29.675416666845763
            ],
            [
              114.43624999973781,
              29.68374999986264
            ],
            [
              114.43291666707057,
              29.697083333229273
            ],
            [
              114.49625000033734,
              29.70125000018743
            ],
            [
              114.50458333335416,
              29.686250000037546
            ],
            [
              114.53125000008754,
              29.69541666644608
            ],
            [
              114.53125000008754,
              29.70874999981271
            ],
            [
              114.54208333327927,
              29.70708333302946
            ],
            [
              114.5512499996878,
              29.719583333004493
            ],
            [
              114.5537499998627,
              29.75125000008751
            ],
            [
              114.60791666672083,
              29.773749999862673
            ],
            [
              114.58541666694566,
              29.792083333579058
            ],
            [
              114.59208333317929,
              29.806250000337286
            ],
            [
              114.6362500002374,
              29.80708333372894
            ],
            [
              114.65125000038722,
              29.847083332929515
            ],
            [
              114.71041666669589,
              29.844583333653986
            ],
            [
              114.71874999971283,
              29.907083333529044
            ],
            [
              114.78875000011249,
              29.892083333379162
            ],
            [
              114.81124999988765,
              29.900416666396097
            ],
            [
              114.81208333327925,
              29.910416667095546
            ],
            [
              114.77791666692076,
              29.924583332954512
            ],
            [
              114.79624999973771,
              29.966249999837657
            ],
            [
              114.85041666659595,
              29.954583333254277
            ],
            [
              114.87875000011252,
              29.935416667045615
            ],
            [
              114.89458333365394,
              29.952916666471026
            ],
            [
              114.912916666471,
              29.945416666845745
            ],
            [
              114.92125000038732,
              29.956250000037528
            ],
            [
              114.96041666709561,
              29.96125000038728
            ],
            [
              114.96624999993765,
              29.937916666321144
            ],
            [
              115.02208333357908,
              29.942083333279243
            ],
            [
              115.03874999961283,
              29.92708333312936
            ],
            [
              115.0637499995629,
              29.9462500002374
            ],
            [
              115.08291666667094,
              29.937083332929546
            ],
            [
              115.1104166667958,
              29.945416666845745
            ],
            [
              115.1112500001874,
              29.96958333340416
            ],
            [
              115.09875000021236,
              29.985416666945696
            ],
            [
              115.1095833334042,
              29.999583333703924
            ]
          ],
          [
            [
              114.9233,
              29.5808
            ],
            [
              114.918,
              29.5869
            ],
            [
              114.92874722222219,
              29.570779166666718
            ],
            [
              114.9233,
              29.5808
            ]
          ],
          [
            [
              114.9445,
              29.5483
            ],
            [
              114.94029655172412,
              29.55345517241382
            ],
            [
              114.9408,
              29.5527
            ],
            [
              114.9445,
              29.5483
            ]
          ]
        ]
      }
    },
    {
      "type": "Feature",
      "id": "PF_465302",
      "properties": {
        "id": "PF_465302",
        "pfafId": 465302,
        "downstream": "PF_465301",
        "areaKm2": 3544.871633,
        "source": "Pfafstetter level_6 AOI-clipped project-provided vector",
        "name": "黄冈·农业区7",
        "code": "PF_465302"
      },
      "geometry": {
        "type": "Polygon",
        "coordinates": [
          [
            [
              115.41708333332929,
              31.350416667095544
            ],
            [
              115.4352,
              31.3454
            ],
            [
              115.4426,
              31.316
            ],
            [
              115.4574,
              31.3152
            ],
            [
              115.45124999968778,
              31.286250000437235
            ],
            [
              115.4591,
              31.2728
            ],
            [
              115.49625000013748,
              31.2620833329795
            ],
            [
              115.5037499997627,
              31.268923913156968
            ],
            [
              115.5217,
              31.2556
            ],
            [
              115.5344,
              31.2341
            ],
            [
              115.52874999971277,
              31.202916666670887
            ],
            [
              115.55125000038731,
              31.164583333354187
            ],
            [
              115.5820833331793,
              31.14458333375393
            ],
            [
              115.60874999991267,
              31.178750000112473
            ],
            [
              115.63208333307944,
              31.189583333304256
            ],
            [
              115.64041666699563,
              31.21041666629617
            ],
            [
              115.6955,
              31.2033
            ],
            [
              115.70874999971272,
              31.17958333350407
            ],
            [
              115.71592349851073,
              31.18291666707057
            ],
            [
              115.72958333360407,
              31.15791666622124
            ],
            [
              115.7505393688567,
              31.14458333375393
            ],
            [
              115.77291666637109,
              31.082083332979494
            ],
            [
              115.75541666694573,
              31.06958333300446
            ],
            [
              115.71041666649603,
              31.07124999978771
            ],
            [
              115.7020833334791,
              31.029583332904565
            ],
            [
              115.68291666637117,
              31.027916667020634
            ],
            [
              115.6987499999126,
              30.996249999937618
            ],
            [
              115.6654166669457,
              30.967916666421047
            ],
            [
              115.627083333629,
              30.952916666271165
            ],
            [
              115.6187499997128,
              30.94208333307938
            ],
            [
              115.6229166666709,
              30.931249999887655
            ],
            [
              115.59958333350414,
              30.92125000008747
            ],
            [
              115.5837499999626,
              30.895416666745803
            ],
            [
              115.59875000011243,
              30.871250000187388
            ],
            [
              115.5837499999626,
              30.847916667020627
            ],
            [
              115.58708333352911,
              30.828749999912645
            ],
            [
              115.56041666679585,
              30.799583333004477
            ],
            [
              115.5395833329045,
              30.792916666770793
            ],
            [
              115.5395833329045,
              30.772916666271158
            ],
            [
              115.51624999973774,
              30.76041666629618
            ],
            [
              115.48541666694564,
              30.76458333325428
            ],
            [
              115.47041666679581,
              30.739583333304267
            ],
            [
              115.45374999986268,
              30.74125000008746
            ],
            [
              115.44041666649605,
              30.724583333154328
            ],
            [
              115.42458333295451,
              30.721249999587883
            ],
            [
              115.40374999996254,
              30.687083333229282
            ],
            [
              115.38291666697069,
              30.678750000212403
            ],
            [
              115.36208333307945,
              30.68541666644603
            ],
            [
              115.34958333310442,
              30.66958333290455
            ],
            [
              115.33208333367895,
              30.667083333629023
            ],
            [
              115.31374999996262,
              30.640416666895703
            ],
            [
              115.29791666642109,
              30.634583333154353
            ],
            [
              115.30708333372888,
              30.60208333357906
            ],
            [
              115.29541666624618,
              30.601250000187406
            ],
            [
              115.29375000036225,
              30.584583333254272
            ],
            [
              115.26291666667089,
              30.539583333703945
            ],
            [
              115.24624999973776,
              30.53124999978769
            ],
            [
              115.21291666677087,
              30.534583333354192
            ],
            [
              115.17124999988766,
              30.56791666632114
            ],
            [
              115.17875000041226,
              30.548750000112477
            ],
            [
              115.152083333679,
              30.522083333379157
            ],
            [
              115.1137500003623,
              30.527916666221245
            ],
            [
              115.10125000038727,
              30.51541666624621
            ],
            [
              115.08458333345413,
              30.52124999998756
            ],
            [
              115.067916666521,
              30.508750000012526
            ],
            [
              115.05791666672087,
              30.477916666321164
            ],
            [
              115.0370833337289,
              30.467916666520978
            ],
            [
              115.02041666679577,
              30.40708333342917
            ],
            [
              115.01624999983767,
              30.417916666620897
            ],
            [
              114.89041666669584,
              30.423750000362304
            ],
            [
              114.86541666674589,
              30.4595833335041
            ],
            [
              114.88041666689571,
              30.52958333300444
            ],
            [
              114.90458333345418,
              30.557083333129356
            ],
            [
              114.90375000006247,
              30.592916666271208
            ],
            [
              114.92791666662094,
              30.642916667070608
            ],
            [
              114.94208333337917,
              30.636249999937604
            ],
            [
              114.94958333300451,
              30.647083333129387
            ],
            [
              114.97041666689574,
              30.65041666669589
            ],
            [
              114.97541666634618,
              30.667083333629023
            ],
            [
              114.9554166667458,
              30.687916666620936
            ],
            [
              114.98041666669587,
              30.718750000312298
            ],
            [
              115.00291666647104,
              30.72791666672083
            ],
            [
              114.997083333629,
              30.748749999712743
            ],
            [
              115.02125000018737,
              30.784583333753915
            ],
            [
              115.0695833333042,
              30.781250000187413
            ],
            [
              115.08791666702064,
              30.790416666595945
            ],
            [
              115.10208333377886,
              30.782916666970664
            ],
            [
              115.112083333579,
              30.798749999612824
            ],
            [
              115.12541666694574,
              30.797916666221226
            ],
            [
              115.13541666674587,
              30.839583333104372
            ],
            [
              115.1070833332293,
              30.86875000001254
            ],
            [
              115.1445833331544,
              30.89958333370396
            ],
            [
              115.12291666677083,
              30.925416667045624
            ],
            [
              115.13291666657096,
              30.93208333327925
            ],
            [
              115.16625000043723,
              30.927916666321153
            ],
            [
              115.19708333322933,
              30.962083333579017
            ],
            [
              115.21124999998756,
              30.96125000018742
            ],
            [
              115.24874999991266,
              30.987916666920682
            ],
            [
              115.25375000026236,
              31.01375000026235
            ],
            [
              115.23208333297953,
              31.045416666446044
            ],
            [
              115.23875000011253,
              31.06791666622121
            ],
            [
              115.22875000031229,
              31.083749999762745
            ],
            [
              115.25541666704567,
              31.106250000437228
            ],
            [
              115.27541666664592,
              31.16625000013744
            ],
            [
              115.28791666662096,
              31.174583333154374
            ],
            [
              115.29291666697065,
              31.193750000262355
            ],
            [
              115.28374999966286,
              31.208750000412238
            ],
            [
              115.31875000031232,
              31.236249999637835
            ],
            [
              115.33291666707055,
              31.26458333315435
            ],
            [
              115.36708333342915,
              31.281250000087482
            ],
            [
              115.36791666682075,
              31.300416666296144
            ],
            [
              115.38291666697069,
              31.30291666647105
            ],
            [
              115.39208333337922,
              31.32041666679578
            ],
            [
              115.38375000036228,
              31.341249999787692
            ],
            [
              115.40291666657095,
              31.338749999612844
            ],
            [
              115.41708333332929,
              31.350416667095544
            ]
          ],
          [
            [
              115.03761066456528,
              30.6449488048332
            ],
            [
              115.0403,
              30.6467
            ],
            [
              115.0382,
              30.6457
            ],
            [
              115.03761066456528,
              30.6449488048332
            ]
          ],
          [
            [
              115.0283,
              30.5482
            ],
            [
              115.0224,
              30.5465
            ],
            [
              115.0161,
              30.5428
            ],
            [
              115.0283,
              30.5482
            ]
          ]
        ]
      }
    },
    {
      "type": "Feature",
      "id": "PF_465304",
      "properties": {
        "id": "PF_465304",
        "pfafId": 465304,
        "downstream": "PF_465303",
        "areaKm2": 3275.758777,
        "source": "Pfafstetter level_6 AOI-clipped project-provided vector",
        "name": "鄂州·农业区",
        "code": "PF_465304"
      },
      "geometry": {
        "type": "MultiPolygon",
        "coordinates": [
          [
            [
              [
                114.72541666684572,
                30.564583333653957
              ],
              [
                114.74624999983769,
                30.537083333529097
              ],
              [
                114.78624999993758,
                30.543749999762724
              ],
              [
                114.82458333325428,
                30.52874999961284
              ],
              [
                114.81875000041225,
                30.493749999862644
              ],
              [
                114.80291666687071,
                30.488750000412267
              ],
              [
                114.80125000008752,
                30.467916666520978
              ],
              [
                114.81124999988765,
                30.46708333312938
              ],
              [
                114.82374999986268,
                30.42874999981268
              ],
              [
                114.83708333322932,
                30.422083333579053
              ],
              [
                114.85124999998754,
                30.419583333404148
              ],
              [
                114.85708333372895,
                30.420416666795802
              ],
              [
                114.85041666659595,
                30.41125000038727
              ],
              [
                114.86541666674589,
                30.407916666820768
              ],
              [
                114.86625000013748,
                30.393750000062482
              ],
              [
                114.85458333355405,
                30.3862500004372
              ],
              [
                114.85458333355405,
                30.340416666595956
              ],
              [
                114.87708333332921,
                30.337083333029454
              ],
              [
                114.89791666632118,
                30.347083333728904
              ],
              [
                114.90875000041228,
                30.341249999987554
              ],
              [
                114.90791666702057,
                30.327083333229268
              ],
              [
                114.93125000018745,
                30.329583333404173
              ],
              [
                114.93708333302948,
                30.31458333325429
              ],
              [
                114.9095833329045,
                30.307916667020606
              ],
              [
                114.89541666704565,
                30.273749999762742
              ],
              [
                114.88291666707062,
                30.265416666745807
              ],
              [
                114.89375000026234,
                30.235416666446042
              ],
              [
                114.88291666707062,
                30.23041666699561
              ],
              [
                114.88708333312934,
                30.21875000041223
              ],
              [
                114.87541666654602,
                30.21791666702063
              ],
              [
                114.87041666709558,
                30.202083333479095
              ],
              [
                114.88874999991265,
                30.196249999737745
              ],
              [
                114.89041666669584,
                30.187083333329213
              ],
              [
                114.81541666684575,
                30.18374999976271
              ],
              [
                114.80375000026231,
                30.16375000016245
              ],
              [
                114.80458333365402,
                30.13541666664588
              ],
              [
                114.78041666709555,
                30.12208333327925
              ],
              [
                114.75958333320432,
                30.13541666664588
              ],
              [
                114.75874999981272,
                30.12625000023735
              ],
              [
                114.74541666644609,
                30.1237500000625
              ],
              [
                114.74791666662088,
                30.10458333295452
              ],
              [
                114.73291666647106,
                30.097083333329238
              ],
              [
                114.73124999968775,
                30.05958333340419
              ],
              [
                114.71208333347909,
                30.06375000036229
              ],
              [
                114.69541666654595,
                30.049583333604005
              ],
              [
                114.67958333300453,
                30.049583333604005
              ],
              [
                114.68208333317932,
                30.03124999988762
              ],
              [
                114.69291666637116,
                30.02958333310437
              ],
              [
                114.68875000031233,
                30.00791666672086
              ],
              [
                114.72625000023743,
                29.991249999787726
              ],
              [
                114.72708333362903,
                29.976249999637844
              ],
              [
                114.7129166668708,
                29.97125000018741
              ],
              [
                114.71708333292952,
                29.954583333254277
              ],
              [
                114.78791666672089,
                29.95791666682078
              ],
              [
                114.77791666692076,
                29.924583332954512
              ],
              [
                114.81208333327925,
                29.910416667095546
              ],
              [
                114.81124999988765,
                29.900416666396097
              ],
              [
                114.78875000011249,
                29.892083333379162
              ],
              [
                114.71874999971283,
                29.907083333529044
              ],
              [
                114.71041666669589,
                29.844583333653986
              ],
              [
                114.65125000038722,
                29.847083332929515
              ],
              [
                114.63958333290452,
                29.80958333300447
              ],
              [
                114.59541666674579,
                29.80708333372894
              ],
              [
                114.58458333355406,
                29.796249999637837
              ],
              [
                114.60791666672083,
                29.77458333325427
              ],
              [
                114.5962500001375,
                29.763750000062487
              ],
              [
                114.49791666622127,
                29.746249999737756
              ],
              [
                114.4787500000125,
                29.757916666321137
              ],
              [
                114.4787500000125,
                29.78208333377887
              ],
              [
                114.46708333342917,
                29.802083333379187
              ],
              [
                114.45124999988764,
                29.795416666246183
              ],
              [
                114.45708333362904,
                29.83458333295448
              ],
              [
                114.4429166668707,
                29.84208333347908
              ],
              [
                114.42124999958787,
                29.826249999937602
              ],
              [
                114.38875000001258,
                29.858750000412215
              ],
              [
                114.40458333355411,
                29.879583333404184
              ],
              [
                114.4029166667708,
                29.904583333354196
              ],
              [
                114.4337499995629,
                29.91541666654598
              ],
              [
                114.45625000023733,
                29.942083333279243
              ],
              [
                114.45458333345414,
                29.951249999687775
              ],
              [
                114.39375000036227,
                29.972083333579008
              ],
              [
                114.37791666682074,
                30.010416666895708
              ],
              [
                114.37708333342914,
                30.05458333305444
              ],
              [
                114.33958333350415,
                30.06208333357904
              ],
              [
                114.33208333297955,
                30.083749999962606
              ],
              [
                114.29791666662095,
                30.087916666920705
              ],
              [
                114.29875000001255,
                30.11791666632115
              ],
              [
                114.28708333342911,
                30.12541666684575
              ],
              [
                114.30208333357905,
                30.13541666664588
              ],
              [
                114.27791666702058,
                30.165416666945703
              ],
              [
                114.28875000021242,
                30.195416666346148
              ],
              [
                114.30791666642108,
                30.213750000062532
              ],
              [
                114.31208333337918,
                30.273749999762742
              ],
              [
                114.29041666699561,
                30.286249999737777
              ],
              [
                114.32124999978771,
                30.307916667020606
              ],
              [
                114.32374999996262,
                30.329583333404173
              ],
              [
                114.38708333322927,
                30.319583333603987
              ],
              [
                114.40124999998761,
                30.340416666595956
              ],
              [
                114.41458333335424,
                30.3437500001624
              ],
              [
                114.42124999958787,
                30.391249999887634
              ],
              [
                114.4429166668707,
                30.394583333454136
              ],
              [
                114.45375000006254,
                30.407916666820768
              ],
              [
                114.44708333292954,
                30.42541666624618
              ],
              [
                114.46208333307936,
                30.457083333329194
              ],
              [
                114.45291666667094,
                30.47125000008748
              ],
              [
                114.45958333290457,
                30.48458333345411
              ],
              [
                114.48874999981274,
                30.485416666845765
              ],
              [
                114.49541666694563,
                30.497916666820743
              ],
              [
                114.48958333320434,
                30.507083333229275
              ],
              [
                114.54208333327927,
                30.51541666624621
              ],
              [
                114.5620833337789,
                30.50958333340418
              ],
              [
                114.5962500001375,
                30.52124999998756
              ],
              [
                114.5970833335291,
                30.542083332979473
              ],
              [
                114.6312499998877,
                30.535416666745846
              ],
              [
                114.6354166668458,
                30.549583333504074
              ],
              [
                114.66541666624619,
                30.545416666545975
              ],
              [
                114.68041666639613,
                30.555416666346105
              ],
              [
                114.70208333367896,
                30.543749999762724
              ],
              [
                114.7129166668708,
                30.562916666870706
              ],
              [
                114.72541666684572,
                30.564583333653957
              ]
            ]
          ],
          [
            [
              [
                114.85541666694564,
                30.4212500001874
              ],
              [
                114.85625000033735,
                30.420416666795802
              ],
              [
                114.85541666694564,
                30.420416666795802
              ],
              [
                114.85541666694564,
                30.4212500001874
              ]
            ]
          ],
          [
            [
              [
                114.85625000033735,
                30.422083333579053
              ],
              [
                114.85708333372895,
                30.4212500001874
              ],
              [
                114.85625000033735,
                30.4212500001874
              ],
              [
                114.85625000033735,
                30.422083333579053
              ]
            ]
          ],
          [
            [
              [
                114.85708333372895,
                30.42291666697065
              ],
              [
                114.85791666622129,
                30.422083333579053
              ],
              [
                114.85708333372895,
                30.422083333579053
              ],
              [
                114.85708333372895,
                30.42291666697065
              ]
            ]
          ],
          [
            [
              [
                114.85791666622129,
                30.423750000362304
              ],
              [
                114.85874999961288,
                30.42291666697065
              ],
              [
                114.85791666622129,
                30.42291666697065
              ],
              [
                114.85791666622129,
                30.423750000362304
              ]
            ]
          ],
          [
            [
              [
                114.85874999961288,
                30.4245833337539
              ],
              [
                114.85958333300448,
                30.423750000362304
              ],
              [
                114.85874999961288,
                30.423750000362304
              ],
              [
                114.85874999961288,
                30.4245833337539
              ]
            ]
          ],
          [
            [
              [
                114.85958333300448,
                30.42541666624618
              ],
              [
                114.86041666639608,
                30.4245833337539
              ],
              [
                114.85958333300448,
                30.4245833337539
              ],
              [
                114.85958333300448,
                30.42541666624618
              ]
            ]
          ],
          [
            [
              [
                114.86041666639608,
                30.426249999637832
              ],
              [
                114.86124999978767,
                30.42541666624618
              ],
              [
                114.86041666639608,
                30.42541666624618
              ],
              [
                114.86041666639608,
                30.426249999637832
              ]
            ]
          ]
        ]
      }
    },
    {
      "type": "Feature",
      "id": "PF_465306",
      "properties": {
        "id": "PF_465306",
        "pfafId": 465306,
        "downstream": "PF_465305",
        "areaKm2": 4042.201429,
        "source": "Pfafstetter level_6 AOI-clipped project-provided vector",
        "name": "黄冈·农业区4",
        "code": "PF_465306"
      },
      "geometry": {
        "type": "MultiPolygon",
        "coordinates": [
          [
            [
              [
                114.69541666654595,
                31.07291666657096
              ],
              [
                114.69458333315436,
                31.07374999996256
              ],
              [
                114.69541666654595,
                31.07374999996256
              ],
              [
                114.69541666654595,
                31.07291666657096
              ]
            ]
          ],
          [
            [
              [
                115.21034005784426,
                31.497916666620938
              ],
              [
                115.2018,
                31.4407
              ],
              [
                115.2153,
                31.4248
              ],
              [
                115.2465,
                31.4192
              ],
              [
                115.25291666687076,
                31.387083333628993
              ],
              [
                115.27980833590533,
                31.402083333778876
              ],
              [
                115.3035,
                31.3845
              ],
              [
                115.3353,
                31.4018
              ],
              [
                115.3725,
                31.403
              ],
              [
                115.3852,
                31.3916
              ],
              [
                115.36625000003755,
                31.350416667095544
              ],
              [
                115.39208333337922,
                31.328749999812715
              ],
              [
                115.38375000036228,
                31.303749999862646
              ],
              [
                115.36791666682075,
                31.300416666296144
              ],
              [
                115.36708333342915,
                31.281250000087482
              ],
              [
                115.33291666707055,
                31.26458333315435
              ],
              [
                115.31875000031232,
                31.236249999637835
              ],
              [
                115.28791666662096,
                31.215416666645922
              ],
              [
                115.29291666697065,
                31.192083333479104
              ],
              [
                115.27541666664592,
                31.16625000013744
              ],
              [
                115.26458333345408,
                31.12374999986264
              ],
              [
                115.24874999991266,
                31.099583333304224
              ],
              [
                115.2304166670956,
                31.090416666895692
              ],
              [
                115.23875000011253,
                31.06791666622121
              ],
              [
                115.23208333297953,
                31.045416666446044
              ],
              [
                115.25375000026236,
                31.01375000026235
              ],
              [
                115.24874999991266,
                30.987916666920682
              ],
              [
                115.21124999998756,
                30.96125000018742
              ],
              [
                115.19708333322933,
                30.962083333579017
              ],
              [
                115.16625000043723,
                30.927916666321153
              ],
              [
                115.13291666657096,
                30.93208333327925
              ],
              [
                115.12291666677083,
                30.925416667045624
              ],
              [
                115.1445833331544,
                30.894583333354205
              ],
              [
                115.1070833332293,
                30.86875000001254
              ],
              [
                115.13541666674587,
                30.838749999712775
              ],
              [
                115.12625000033734,
                30.827083333129394
              ],
              [
                115.12874999961286,
                30.80291666657098
              ],
              [
                115.112083333579,
                30.798749999612824
              ],
              [
                115.1037499996628,
                30.78375000036226
              ],
              [
                115.08791666702064,
                30.790416666595945
              ],
              [
                115.0695833333042,
                30.781250000187413
              ],
              [
                115.02375000036227,
                30.786249999637846
              ],
              [
                115.00124999968784,
                30.755416666845747
              ],
              [
                114.97624999973777,
                30.76041666629618
              ],
              [
                114.95458333335421,
                30.7529166666709
              ],
              [
                114.92458333305444,
                30.728750000112484
              ],
              [
                114.83958333340422,
                30.737083333129362
              ],
              [
                114.80125000008752,
                30.72208333297948
              ],
              [
                114.81124999988765,
                30.691250000187438
              ],
              [
                114.81958333290459,
                30.692083333579035
              ],
              [
                114.88041666689571,
                30.620416666396068
              ],
              [
                114.87374999976271,
                30.61041666659594
              ],
              [
                114.84624999963785,
                30.62541666674582
              ],
              [
                114.80791666632115,
                30.61791666622122
              ],
              [
                114.80625000043722,
                30.634583333154353
              ],
              [
                114.83875000001251,
                30.642083333678954
              ],
              [
                114.82625000003759,
                30.662916666670867
              ],
              [
                114.80458333365402,
                30.659583333104365
              ],
              [
                114.78624999993758,
                30.68374999966278
              ],
              [
                114.79208333367899,
                30.692083333579035
              ],
              [
                114.77541666674585,
                30.734583332954514
              ],
              [
                114.78374999976279,
                30.76208333307943
              ],
              [
                114.77208333317935,
                30.765416666645876
              ],
              [
                114.77958333370395,
                30.787916666421097
              ],
              [
                114.76291666677082,
                30.849583332904558
              ],
              [
                114.77208333317935,
                30.86708333322929
              ],
              [
                114.76124999998763,
                30.87291666697064
              ],
              [
                114.74458333305449,
                30.86458333305444
              ],
              [
                114.71458333365399,
                30.912083333678936
              ],
              [
                114.72291666667093,
                30.919583333304217
              ],
              [
                114.71541666704559,
                30.947916666820788
              ],
              [
                114.72791666702062,
                30.992083332979462
              ],
              [
                114.70541666634608,
                31.02708333362898
              ],
              [
                114.71541666704559,
                31.05791666642108
              ],
              [
                114.69041666709552,
                31.08124999958784
              ],
              [
                114.68875000031233,
                31.114583333454107
              ],
              [
                114.67874999961282,
                31.118750000412263
              ],
              [
                114.69374999976276,
                31.152916666770807
              ],
              [
                114.67708333372889,
                31.160416666396088
              ],
              [
                114.68041666639613,
                31.17958333350407
              ],
              [
                114.66791666642109,
                31.209583332904515
              ],
              [
                114.69958333350405,
                31.24874999961287
              ],
              [
                114.71791666632112,
                31.245416666945687
              ],
              [
                114.75458333375389,
                31.287916666321166
              ],
              [
                114.77541666674585,
                31.290416666496014
              ],
              [
                114.77041666639605,
                31.342916666570943
              ],
              [
                114.79958333330421,
                31.36041666689573
              ],
              [
                114.81458333345415,
                31.386250000237396
              ],
              [
                114.81958333290459,
                31.454583332954485
              ],
              [
                114.85458333355405,
                31.481070762717476
              ],
              [
                114.8765,
                31.4734
              ],
              [
                114.9362,
                31.4822
              ],
              [
                114.96817499999999,
                31.5
              ],
              [
                114.9956,
                31.4719
              ],
              [
                115.00046870229008,
                31.5
              ],
              [
                115.21034005784426,
                31.497916666620938
              ]
            ]
          ]
        ]
      }
    },
    {
      "type": "Feature",
      "id": "PF_465308",
      "properties": {
        "id": "PF_465308",
        "pfafId": 465308,
        "downstream": "PF_465307",
        "areaKm2": 2803.115443,
        "source": "Pfafstetter level_6 AOI-clipped project-provided vector",
        "name": "武汉·农业区",
        "code": "PF_465308"
      },
      "geometry": {
        "type": "MultiPolygon",
        "coordinates": [
          [
            [
              [
                114.5987500003123,
                30.966249999637796
              ],
              [
                114.5979166669207,
                30.96708333302945
              ],
              [
                114.5987500003123,
                30.96708333302945
              ],
              [
                114.5987500003123,
                30.966249999637796
              ]
            ]
          ],
          [
            [
              [
                114.57541666624616,
                31.498750000012535
              ],
              [
                114.57041666679584,
                31.437083333529074
              ],
              [
                114.54875000041227,
                31.417916666421092
              ],
              [
                114.53708333292957,
                31.421249999987538
              ],
              [
                114.51791666672091,
                31.391249999687773
              ],
              [
                114.51791666672091,
                31.348750000312293
              ],
              [
                114.50041666639606,
                31.334583333554065
              ],
              [
                114.50124999978777,
                31.31791666662093
              ],
              [
                114.48791666642103,
                31.313749999662832
              ],
              [
                114.49791666622127,
                31.302083333079395
              ],
              [
                114.48958333320434,
                31.27208333367895
              ],
              [
                114.47541666644611,
                31.271250000287353
              ],
              [
                114.46458333325427,
                31.252083333179314
              ],
              [
                114.44791666632113,
                31.252916666570968
              ],
              [
                114.4454166670456,
                31.242083333379185
              ],
              [
                114.46458333325427,
                31.220416666995618
              ],
              [
                114.46875000021237,
                31.196250000437203
              ],
              [
                114.49958333300447,
                31.187916666521005
              ],
              [
                114.52624999973773,
                31.158749999612837
              ],
              [
                114.515416666546,
                31.13875000001252
              ],
              [
                114.52874999991263,
                31.120416666296137
              ],
              [
                114.52874999991263,
                31.06124999998758
              ],
              [
                114.50041666639606,
                31.048750000012546
              ],
              [
                114.49874999961287,
                31.01708333292953
              ],
              [
                114.5137499997627,
                31.012083333479097
              ],
              [
                114.5204166668957,
                30.996249999937618
              ],
              [
                114.54124999988767,
                30.994583333154367
              ],
              [
                114.54708333362896,
                30.967916666421047
              ],
              [
                114.56374999966283,
                30.95541666644607
              ],
              [
                114.5979166669207,
                30.966249999637796
              ],
              [
                114.60958333350413,
                30.940416666296187
              ],
              [
                114.5962500001375,
                30.913749999562867
              ],
              [
                114.60791666672083,
                30.877916666421072
              ],
              [
                114.61874999991267,
                30.87291666697064
              ],
              [
                114.61208333367892,
                30.85708333342916
              ],
              [
                114.62041666669586,
                30.815416666545957
              ],
              [
                114.61125000028733,
                30.81291666637111
              ],
              [
                114.60958333350413,
                30.797083333728892
              ],
              [
                114.61541666634616,
                30.78375000036226
              ],
              [
                114.599583333704,
                30.750416666495994
              ],
              [
                114.58791666622119,
                30.744583333653964
              ],
              [
                114.59541666674579,
                30.73374999956286
              ],
              [
                114.5887499996129,
                30.717083333529047
              ],
              [
                114.5495833329046,
                30.722916666371134
              ],
              [
                114.53125000008754,
                30.7104166663961
              ],
              [
                114.52708333312933,
                30.689583333404187
              ],
              [
                114.49625000033734,
                30.697916666421065
              ],
              [
                114.49041666659593,
                30.686249999837685
              ],
              [
                114.43624999973781,
                30.68374999966278
              ],
              [
                114.39125000018737,
                30.66375000006252
              ],
              [
                114.38374999966277,
                30.66375000006252
              ],
              [
                114.38458333305448,
                30.672916666471053
              ],
              [
                114.37041666629614,
                30.664583333454118
              ],
              [
                114.36041666649601,
                30.6720833330794
              ],
              [
                114.3654166668457,
                30.678750000212403
              ],
              [
                114.35458333365398,
                30.692083333579035
              ],
              [
                114.34624999973778,
                30.74125000008746
              ],
              [
                114.32791666692071,
                30.753750000062496
              ],
              [
                114.28958333360401,
                30.80875000031233
              ],
              [
                114.29624999983764,
                30.82791666652099
              ],
              [
                114.27458333345419,
                30.855416666645908
              ],
              [
                114.28291666647101,
                30.87624999963782
              ],
              [
                114.27458333345419,
                30.877916666421072
              ],
              [
                114.26791666632118,
                30.907916666720837
              ],
              [
                114.25125000028731,
                30.9270833329295
              ],
              [
                114.25458333295455,
                30.946250000037537
              ],
              [
                114.23875000031228,
                30.946250000037537
              ],
              [
                114.23541666674589,
                30.95541666644607
              ],
              [
                114.24208333297952,
                31.007916666520998
              ],
              [
                114.21291666697061,
                31.047916666620893
              ],
              [
                114.19625000003748,
                31.043749999662793
              ],
              [
                114.21041666679582,
                31.07875000031231
              ],
              [
                114.23708333352909,
                31.094583332954528
              ],
              [
                114.24124999958792,
                31.12374999986264
              ],
              [
                114.22458333355405,
                31.158749999612837
              ],
              [
                114.24291666637112,
                31.18291666707057
              ],
              [
                114.22791666622118,
                31.205416666845736
              ],
              [
                114.20458333305442,
                31.192916666870758
              ],
              [
                114.19124999968778,
                31.20041666649604
              ],
              [
                114.18458333345416,
                31.220416666995618
              ],
              [
                114.19708333342919,
                31.230416666795804
              ],
              [
                114.18875000041226,
                31.25458333335422
              ],
              [
                114.2004166669957,
                31.267083333329197
              ],
              [
                114.19208333307938,
                31.290416666496014
              ],
              [
                114.19708333342919,
                31.303749999862646
              ],
              [
                114.21458333375392,
                31.30291666647105
              ],
              [
                114.23291666657099,
                31.32458333375388
              ],
              [
                114.23291666657099,
                31.338749999612844
              ],
              [
                114.25041666689572,
                31.347083333529042
              ],
              [
                114.23875000031228,
                31.356249999937575
              ],
              [
                114.23291666657099,
                31.38208333327924
              ],
              [
                114.23541666674589,
                31.41874999981269
              ],
              [
                114.21791666642105,
                31.425416666945694
              ],
              [
                114.20958333340423,
                31.45708333312939
              ],
              [
                114.23791666692068,
                31.5
              ],
              [
                114.57541666624616,
                31.498750000012535
              ]
            ]
          ]
        ]
      }
    },
    {
      "type": "Feature",
      "id": "PF_465402",
      "properties": {
        "id": "PF_465402",
        "pfafId": 465402,
        "downstream": "PF_465401",
        "areaKm2": 2237.810368,
        "source": "Pfafstetter level_6 AOI-clipped project-provided vector",
        "name": "孝感·城区2",
        "code": "PF_465402"
      },
      "geometry": {
        "type": "MultiPolygon",
        "coordinates": [
          [
            [
              [
                114.23791666692068,
                31.49958333340419
              ],
              [
                114.20958333340423,
                31.45541666634614
              ],
              [
                114.21791666642105,
                31.425416666945694
              ],
              [
                114.23541666674589,
                31.41874999981269
              ],
              [
                114.23291666657099,
                31.38208333327924
              ],
              [
                114.23875000031228,
                31.356249999937575
              ],
              [
                114.25041666689572,
                31.347083333529042
              ],
              [
                114.23291666657099,
                31.338749999612844
              ],
              [
                114.23291666657099,
                31.32458333375388
              ],
              [
                114.21458333375392,
                31.30291666647105
              ],
              [
                114.19708333342919,
                31.303749999862646
              ],
              [
                114.19208333307938,
                31.290416666496014
              ],
              [
                114.2004166669957,
                31.26791666672085
              ],
              [
                114.18875000041226,
                31.25458333335422
              ],
              [
                114.19708333342919,
                31.22624999983765
              ],
              [
                114.1807,
                31.2362
              ],
              [
                114.19124999968778,
                31.20041666649604
              ],
              [
                114.20291666627122,
                31.193750000262355
              ],
              [
                114.19791666682079,
                31.17541666654597
              ],
              [
                114.14958333370396,
                31.143750000362274
              ],
              [
                114.11791666662089,
                31.161249999787685
              ],
              [
                114.09541666684572,
                31.136249999837673
              ],
              [
                114.06708333332926,
                31.141250000187426
              ],
              [
                114.06208333297946,
                31.124583333254293
              ],
              [
                114.03375000036226,
                31.11958333290454
              ],
              [
                114.02708333322926,
                31.087083333329247
              ],
              [
                113.9987499997128,
                31.08458333315434
              ],
              [
                113.98041666689574,
                31.06375000016243
              ],
              [
                113.95124999998757,
                31.06375000016243
              ],
              [
                113.93125000038731,
                31.029583332904565
              ],
              [
                113.90958333310437,
                31.02541666684573
              ],
              [
                113.91208333327927,
                31.004583332954496
              ],
              [
                113.89958333330424,
                30.98625000013743
              ],
              [
                113.9304166669956,
                30.942916666471035
              ],
              [
                113.88041666709557,
                30.902083332979487
              ],
              [
                113.87541666674588,
                30.885416666945673
              ],
              [
                113.88458333315441,
                30.884583333554076
              ],
              [
                113.88875000011251,
                30.869583333404137
              ],
              [
                113.86874999961287,
                30.85875000021241
              ],
              [
                113.87124999978766,
                30.867916666620943
              ],
              [
                113.85041666679581,
                30.87624999963782
              ],
              [
                113.852083333579,
                30.889583333004452
              ],
              [
                113.81874999971274,
                30.90708333332924
              ],
              [
                113.82708333362905,
                30.944583333254286
              ],
              [
                113.81791666632114,
                30.9687499998127
              ],
              [
                113.82791666702065,
                30.979583333004484
              ],
              [
                113.81958333310445,
                31.0154166670456
              ],
              [
                113.8479166666209,
                31.048750000012546
              ],
              [
                113.84125000038728,
                31.12541666664589
              ],
              [
                113.86625000033735,
                31.17374999976272
              ],
              [
                113.85458333375391,
                31.244583333554033
              ],
              [
                113.84291666627121,
                31.246250000337284
              ],
              [
                113.84125000038728,
                31.26374999976275
              ],
              [
                113.81791666632114,
                31.272916667070604
              ],
              [
                113.82041666649604,
                31.300416666296144
              ],
              [
                113.80708333312941,
                31.299583332904547
              ],
              [
                113.79791666672088,
                31.31458333305443
              ],
              [
                113.79374999976278,
                31.350416667095544
              ],
              [
                113.81625000043721,
                31.378749999712795
              ],
              [
                113.81625000043721,
                31.400416666995625
              ],
              [
                113.83208333307937,
                31.413750000362256
              ],
              [
                113.82958333290458,
                31.43041666639607
              ],
              [
                113.80791666652101,
                31.443432427594814
              ],
              [
                113.8231,
                31.4397
              ],
              [
                113.8573,
                31.4526
              ],
              [
                113.8811,
                31.4158
              ],
              [
                113.8957,
                31.4351
              ],
              [
                113.9132,
                31.4363
              ],
              [
                113.9236,
                31.4189
              ],
              [
                113.9466,
                31.4139
              ],
              [
                113.9177,
                31.3917
              ],
              [
                113.9252,
                31.3912
              ],
              [
                113.9587,
                31.4002
              ],
              [
                113.9775,
                31.4271
              ],
              [
                114.0,
                31.4213
              ],
              [
                114.0291,
                31.4409
              ],
              [
                114.0491,
                31.434
              ],
              [
                114.0654,
                31.4649
              ],
              [
                114.056,
                31.4871
              ],
              [
                114.07432336448598,
                31.5
              ],
              [
                114.23791666692068,
                31.49958333340419
              ]
            ]
          ],
          [
            [
              [
                113.79958333350407,
                31.440416667095576
              ],
              [
                113.79791666672088,
                31.43208333317932
              ],
              [
                113.79124999958788,
                31.429583333004473
              ],
              [
                113.78708333352904,
                31.44256944435591
              ],
              [
                113.79958333350407,
                31.440416667095576
              ]
            ]
          ],
          [
            [
              [
                113.78625000013744,
                31.442946428509252
              ],
              [
                113.78631579012703,
                31.442916666371104
              ],
              [
                113.78625000013744,
                31.442916666371104
              ],
              [
                113.78625000013744,
                31.442946428509252
              ]
            ]
          ],
          [
            [
              [
                113.78041666639615,
                31.447083333329203
              ],
              [
                113.76874999981271,
                31.45541666634614
              ],
              [
                113.75958333340418,
                31.457546874986715
              ],
              [
                113.7689,
                31.4558
              ],
              [
                113.78041666639615,
                31.447083333329203
              ]
            ]
          ],
          [
            [
              [
                113.75875000001258,
                31.45770312499764
              ],
              [
                113.74374999986264,
                31.45541666634614
              ],
              [
                113.72708333292951,
                31.46693771939237
              ],
              [
                113.75875000001258,
                31.45770312499764
              ]
            ]
          ]
        ]
      }
    },
    {
      "type": "Feature",
      "id": "PF_465404",
      "properties": {
        "id": "PF_465404",
        "pfafId": 465404,
        "downstream": "PF_465403",
        "areaKm2": 567.484618,
        "source": "Pfafstetter level_6 AOI-clipped project-provided vector",
        "name": "孝感·农业区2",
        "code": "PF_465404"
      },
      "geometry": {
        "type": "MultiPolygon",
        "coordinates": [
          [
            [
              [
                113.70124999958784,
                30.9770833337289
              ],
              [
                113.70041666709562,
                30.977916666221233
              ],
              [
                113.70124999958784,
                30.977916666221233
              ],
              [
                113.70124999958784,
                30.9770833337289
              ]
            ]
          ],
          [
            [
              [
                113.35374999956287,
                31.425416666945694
              ],
              [
                113.4054166662462,
                31.392083333079427
              ],
              [
                113.48041666699567,
                31.36458333295451
              ],
              [
                113.50625000033733,
                31.36458333295451
              ],
              [
                113.49958333320433,
                31.352083332979475
              ],
              [
                113.51708333352906,
                31.33541666694566
              ],
              [
                113.55291666667085,
                31.32041666679578
              ],
              [
                113.53541666634612,
                31.295416666845767
              ],
              [
                113.54958333310435,
                31.253749999962565
              ],
              [
                113.54874999971275,
                31.22541666644605
              ],
              [
                113.5629166664711,
                31.21958333360402
              ],
              [
                113.56625000003748,
                31.20625000023739
              ],
              [
                113.61791666672082,
                31.19874999971279
              ],
              [
                113.63208333347916,
                31.205416666845736
              ],
              [
                113.64708333362898,
                31.196250000437203
              ],
              [
                113.65208333307942,
                31.168750000312343
              ],
              [
                113.64375000006248,
                31.15958333300449
              ],
              [
                113.65875000021242,
                31.153750000162404
              ],
              [
                113.66458333305445,
                31.132083333778894
              ],
              [
                113.65791666682082,
                31.126250000037544
              ],
              [
                113.67458333375396,
                31.110416666496008
              ],
              [
                113.66458333305445,
                31.08124999958784
              ],
              [
                113.67958333320428,
                31.074583333354212
              ],
              [
                113.67958333320428,
                31.0462499998377
              ],
              [
                113.69374999996262,
                31.036250000037512
              ],
              [
                113.68708333372888,
                31.010416666695846
              ],
              [
                113.69708333352912,
                30.994583333154367
              ],
              [
                113.68791666622121,
                30.988750000312336
              ],
              [
                113.69791666692072,
                30.9729166667708
              ],
              [
                113.67874999981268,
                30.98291666657093
              ],
              [
                113.67458333375396,
                31.007916666520998
              ],
              [
                113.62291666707063,
                31.00541666634615
              ],
              [
                113.60124999978768,
                31.02291666667088
              ],
              [
                113.59458333355406,
                31.047083333229295
              ],
              [
                113.58791666642105,
                31.042083333778862
              ],
              [
                113.55875000041226,
                31.06375000016243
              ],
              [
                113.54125000008753,
                31.105416667045574
              ],
              [
                113.51791666692066,
                31.122083333079388
              ],
              [
                113.51041666639605,
                31.14458333375393
              ],
              [
                113.48208333377886,
                31.147916666421054
              ],
              [
                113.4813,
                31.2284
              ],
              [
                113.4386,
                31.2366
              ],
              [
                113.4107,
                31.292
              ],
              [
                113.3677,
                31.2945
              ],
              [
                113.3131,
                31.341
              ],
              [
                113.3096,
                31.3464
              ],
              [
                113.3361,
                31.3711
              ],
              [
                113.3271,
                31.4191
              ],
              [
                113.35374999956287,
                31.425416666945694
              ]
            ]
          ]
        ]
      }
    },
    {
      "type": "Feature",
      "id": "PF_465405",
      "properties": {
        "id": "PF_465405",
        "pfafId": 465405,
        "downstream": "PF_465403",
        "areaKm2": 836.16962,
        "source": "Pfafstetter level_6 AOI-clipped project-provided vector",
        "name": "孝感·城区1",
        "code": "PF_465405"
      },
      "geometry": {
        "type": "Polygon",
        "coordinates": [
          [
            [
              113.72791666632111,
              31.466250000437242
            ],
            [
              113.74374999986264,
              31.45541666634614
            ],
            [
              113.76874999981271,
              31.45541666634614
            ],
            [
              113.79124999958788,
              31.429583333004473
            ],
            [
              113.80791666652101,
              31.443432427594814
            ],
            [
              113.82958333290458,
              31.43041666639607
            ],
            [
              113.83208333307937,
              31.413750000362256
            ],
            [
              113.81625000043721,
              31.400416666995625
            ],
            [
              113.81625000043721,
              31.378749999712795
            ],
            [
              113.79374999976278,
              31.350416667095544
            ],
            [
              113.79791666672088,
              31.31458333305443
            ],
            [
              113.80708333312941,
              31.299583332904547
            ],
            [
              113.82041666649604,
              31.300416666296144
            ],
            [
              113.79124999958788,
              31.257083333529067
            ],
            [
              113.79958333350407,
              31.22624999983765
            ],
            [
              113.78291666657094,
              31.202083333279234
            ],
            [
              113.76958333320431,
              31.20458333345414
            ],
            [
              113.74625000003755,
              31.191250000087507
            ],
            [
              113.73958333290454,
              31.149583333204305
            ],
            [
              113.72708333292951,
              31.13125000038724
            ],
            [
              113.73124999988761,
              31.11958333290454
            ],
            [
              113.70541666654594,
              31.094583332954528
            ],
            [
              113.71041666689575,
              31.07124999978771
            ],
            [
              113.70208333297944,
              31.051250000187395
            ],
            [
              113.73208333327932,
              31.043749999662793
            ],
            [
              113.73958333290454,
              31.02458333345413
            ],
            [
              113.71958333330429,
              31.020416666496033
            ],
            [
              113.72625000043718,
              31.0112500000875
            ],
            [
              113.70291666637115,
              30.996249999937618
            ],
            [
              113.69875000031232,
              30.977916666221233
            ],
            [
              113.68791666622121,
              30.988750000312336
            ],
            [
              113.69708333352912,
              30.994583333154367
            ],
            [
              113.68708333372888,
              31.010416666695846
            ],
            [
              113.69374999996262,
              31.036250000037512
            ],
            [
              113.67958333320428,
              31.0462499998377
            ],
            [
              113.67958333320428,
              31.074583333354212
            ],
            [
              113.66458333305445,
              31.08124999958784
            ],
            [
              113.67458333375396,
              31.110416666496008
            ],
            [
              113.65791666682082,
              31.126250000037544
            ],
            [
              113.66458333305445,
              31.132083333778894
            ],
            [
              113.65875000021242,
              31.153750000162404
            ],
            [
              113.64375000006248,
              31.15958333300449
            ],
            [
              113.65208333307942,
              31.168750000312343
            ],
            [
              113.64708333362898,
              31.196250000437203
            ],
            [
              113.63208333347916,
              31.205416666845736
            ],
            [
              113.61791666672082,
              31.19874999971279
            ],
            [
              113.56625000003748,
              31.20625000023739
            ],
            [
              113.5629166664711,
              31.21958333360402
            ],
            [
              113.54874999971275,
              31.22541666644605
            ],
            [
              113.54958333310435,
              31.253749999962565
            ],
            [
              113.53541666634612,
              31.295416666845767
            ],
            [
              113.55291666667085,
              31.32041666679578
            ],
            [
              113.51708333352906,
              31.33541666694566
            ],
            [
              113.49958333320433,
              31.352083332979475
            ],
            [
              113.50625000033733,
              31.36458333295451
            ],
            [
              113.48041666699567,
              31.36458333295451
            ],
            [
              113.4054166662462,
              31.392083333079427
            ],
            [
              113.3737500000625,
              31.407916666620906
            ],
            [
              113.35291666707064,
              31.427969871623958
            ],
            [
              113.3863,
              31.4125
            ],
            [
              113.4659,
              31.4357
            ],
            [
              113.5248,
              31.3967
            ],
            [
              113.5909,
              31.4268
            ],
            [
              113.6296,
              31.3939
            ],
            [
              113.72791666632111,
              31.466250000437242
            ]
          ]
        ]
      }
    },
    {
      "type": "Feature",
      "id": "PF_465403",
      "properties": {
        "id": "PF_465403",
        "pfafId": 465403,
        "downstream": "PF_465401",
        "areaKm2": 600.412724,
        "source": "Pfafstetter level_6 AOI-clipped project-provided vector",
        "name": "孝感·城区3",
        "code": "PF_465403"
      },
      "geometry": {
        "type": "MultiPolygon",
        "coordinates": [
          [
            [
              [
                113.87708333352907,
                30.857916666820756
              ],
              [
                113.87625000013747,
                30.85875000021241
              ],
              [
                113.87708333352907,
                30.85875000021241
              ],
              [
                113.87708333352907,
                30.857916666820756
              ]
            ]
          ],
          [
            [
              [
                113.69958333370391,
                30.9770833337289
              ],
              [
                113.70041666709562,
                30.977916666221233
              ],
              [
                113.70041666709562,
                30.9770833337289
              ],
              [
                113.69958333370391,
                30.9770833337289
              ]
            ]
          ],
          [
            [
              [
                113.81458333365401,
                31.28375000026233
              ],
              [
                113.81791666632114,
                31.272916667070604
              ],
              [
                113.84291666627121,
                31.2620833329795
              ],
              [
                113.8470833332293,
                31.242083333379185
              ],
              [
                113.85458333375391,
                31.244583333554033
              ],
              [
                113.86625000033735,
                31.17374999976272
              ],
              [
                113.84125000038728,
                31.12541666664589
              ],
              [
                113.8479166666209,
                31.048750000012546
              ],
              [
                113.81958333310445,
                31.0154166670456
              ],
              [
                113.82791666702065,
                30.979583333004484
              ],
              [
                113.81791666632114,
                30.9687499998127
              ],
              [
                113.82708333362905,
                30.944583333254286
              ],
              [
                113.81874999971274,
                30.90708333332924
              ],
              [
                113.84041666699568,
                30.900416667095556
              ],
              [
                113.85624999963784,
                30.86875000001254
              ],
              [
                113.86791666622128,
                30.87041666679579
              ],
              [
                113.86874999961287,
                30.85875000021241
              ],
              [
                113.87374999996257,
                30.86041666699566
              ],
              [
                113.87625000013747,
                30.85875000021241
              ],
              [
                113.85624999963784,
                30.841249999887623
              ],
              [
                113.8512500001874,
                30.77958333340416
              ],
              [
                113.81041666669591,
                30.77624999983766
              ],
              [
                113.78958333370394,
                30.797916666221226
              ],
              [
                113.79124999958788,
                30.80875000031233
              ],
              [
                113.75291666627118,
                30.82041666689571
              ],
              [
                113.73791666702061,
                30.85875000021241
              ],
              [
                113.73208333327932,
                30.853749999862657
              ],
              [
                113.72375000026238,
                30.863749999662787
              ],
              [
                113.69625000013741,
                30.86875000001254
              ],
              [
                113.69958333370391,
                30.919583333304217
              ],
              [
                113.66875000001255,
                30.950416666995636
              ],
              [
                113.65291666647101,
                30.952916666271165
              ],
              [
                113.62374999956285,
                31.00541666634615
              ],
              [
                113.67458333375396,
                31.007916666520998
              ],
              [
                113.67874999981268,
                30.98291666657093
              ],
              [
                113.69791666692072,
                30.9729166667708
              ],
              [
                113.70374999976275,
                30.98041666639608
              ],
              [
                113.70291666637115,
                30.996249999937618
              ],
              [
                113.72625000043718,
                31.0112500000875
              ],
              [
                113.71958333330429,
                31.020416666496033
              ],
              [
                113.73958333290454,
                31.02458333345413
              ],
              [
                113.73208333327932,
                31.043749999662793
              ],
              [
                113.70208333297944,
                31.051250000187395
              ],
              [
                113.71041666689575,
                31.07124999978771
              ],
              [
                113.70541666654594,
                31.094583332954528
              ],
              [
                113.73124999988761,
                31.11958333290454
              ],
              [
                113.72708333292951,
                31.13125000038724
              ],
              [
                113.73958333290454,
                31.149583333204305
              ],
              [
                113.74625000003755,
                31.191250000087507
              ],
              [
                113.76958333320431,
                31.20458333345414
              ],
              [
                113.78291666657094,
                31.202083333279234
              ],
              [
                113.79708333332928,
                31.220416666995618
              ],
              [
                113.79124999958788,
                31.257083333529067
              ],
              [
                113.81458333365401,
                31.28375000026233
              ]
            ]
          ]
        ]
      }
    },
    {
      "type": "Feature",
      "id": "PF_465401",
      "properties": {
        "id": "PF_465401",
        "pfafId": 465401,
        "downstream": "PF_465309",
        "areaKm2": 2028.758335,
        "source": "Pfafstetter level_6 AOI-clipped project-provided vector",
        "name": "武汉·城区1",
        "code": "PF_465401"
      },
      "geometry": {
        "type": "Polygon",
        "coordinates": [
          [
            [
              114.22375000016245,
              31.205416666845736
            ],
            [
              114.24291666637112,
              31.18291666707057
            ],
            [
              114.22458333355405,
              31.158749999612837
            ],
            [
              114.24124999958792,
              31.12374999986264
            ],
            [
              114.23958333370399,
              31.10208333347913
            ],
            [
              114.22791666622118,
              31.083749999762745
            ],
            [
              114.21041666679582,
              31.07875000031231
            ],
            [
              114.19625000003748,
              31.043749999662793
            ],
            [
              114.21291666697061,
              31.047916666620893
            ],
            [
              114.24208333297952,
              31.007916666520998
            ],
            [
              114.23791666692068,
              30.947083333429134
            ],
            [
              114.25458333295455,
              30.946250000037537
            ],
            [
              114.25125000028731,
              30.9270833329295
            ],
            [
              114.26791666632118,
              30.907916666720837
            ],
            [
              114.27458333345419,
              30.877916666421072
            ],
            [
              114.28291666647101,
              30.87624999963782
            ],
            [
              114.27458333345419,
              30.855416666645908
            ],
            [
              114.29624999983764,
              30.82791666652099
            ],
            [
              114.28958333360401,
              30.80875000031233
            ],
            [
              114.32791666692071,
              30.753750000062496
            ],
            [
              114.34624999973778,
              30.74125000008746
            ],
            [
              114.35458333365398,
              30.692083333579035
            ],
            [
              114.3654166668457,
              30.678750000212403
            ],
            [
              114.36041666649601,
              30.6720833330794
            ],
            [
              114.37041666629614,
              30.66375000006252
            ],
            [
              114.36208333327932,
              30.649583333304236
            ],
            [
              114.34874999991268,
              30.657083332929517
            ],
            [
              114.32291666657102,
              30.642916667070608
            ],
            [
              114.29958333340414,
              30.61541666694569
            ],
            [
              114.30791666642108,
              30.611249999987535
            ],
            [
              114.30375000036224,
              30.603750000362254
            ],
            [
              114.27958333290451,
              30.58875000021237
            ],
            [
              114.27291666667088,
              30.56791666632114
            ],
            [
              114.22375000016245,
              30.57708333362899
            ],
            [
              114.22458333355405,
              30.585416666645926
            ],
            [
              114.20791666662092,
              30.586250000037523
            ],
            [
              114.20958333340423,
              30.594583333054402
            ],
            [
              114.18291666667085,
              30.596249999837653
            ],
            [
              114.16874999991262,
              30.61041666659594
            ],
            [
              114.13791666622126,
              30.596249999837653
            ],
            [
              114.06875000011246,
              30.605416666246185
            ],
            [
              114.0445833335541,
              30.590416666995623
            ],
            [
              114.0379166664211,
              30.595416666446056
            ],
            [
              114.04958333300442,
              30.611249999987535
            ],
            [
              114.0445833335541,
              30.62124999978772
            ],
            [
              114.03125000018747,
              30.62541666674582
            ],
            [
              114.01374999986263,
              30.61208333337919
            ],
            [
              113.9995833331044,
              30.61791666622122
            ],
            [
              113.98374999956286,
              30.63541666654595
            ],
            [
              113.99291666687077,
              30.647916666520985
            ],
            [
              113.97124999958783,
              30.658749999712768
            ],
            [
              113.97124999958783,
              30.682916666271183
            ],
            [
              113.94125000018744,
              30.694583333753883
            ],
            [
              113.9262500000375,
              30.7145833333542
            ],
            [
              113.91708333362897,
              30.730416666895735
            ],
            [
              113.9287500002124,
              30.738749999912613
            ],
            [
              113.9212499996878,
              30.753750000062496
            ],
            [
              113.9287500002124,
              30.77374999966281
            ],
            [
              113.91458333345417,
              30.759583332904526
            ],
            [
              113.87208333317938,
              30.80124999978773
            ],
            [
              113.8487500000125,
              30.80124999978773
            ],
            [
              113.85708333302944,
              30.812083332979512
            ],
            [
              113.85041666679581,
              30.81875000011246
            ],
            [
              113.85624999963784,
              30.841249999887623
            ],
            [
              113.88875000011251,
              30.869583333404137
            ],
            [
              113.88458333315441,
              30.884583333554076
            ],
            [
              113.87541666674588,
              30.885416666945673
            ],
            [
              113.88041666709557,
              30.902083332979487
            ],
            [
              113.9304166669956,
              30.942916666471035
            ],
            [
              113.89958333330424,
              30.98625000013743
            ],
            [
              113.91208333327927,
              31.004583332954496
            ],
            [
              113.90958333310437,
              31.02541666684573
            ],
            [
              113.93125000038731,
              31.029583332904565
            ],
            [
              113.95124999998757,
              31.06375000016243
            ],
            [
              113.98041666689574,
              31.06375000016243
            ],
            [
              113.9987499997128,
              31.08458333315434
            ],
            [
              114.02708333322926,
              31.087083333329247
            ],
            [
              114.03375000036226,
              31.11958333290454
            ],
            [
              114.06208333297946,
              31.124583333254293
            ],
            [
              114.06708333332926,
              31.141250000187426
            ],
            [
              114.09541666684572,
              31.136249999837673
            ],
            [
              114.11791666662089,
              31.161249999787685
            ],
            [
              114.14958333370396,
              31.143750000362274
            ],
            [
              114.17874999971275,
              31.15791666622124
            ],
            [
              114.19791666682079,
              31.17541666654597
            ],
            [
              114.2004166669957,
              31.191250000087507
            ],
            [
              114.22375000016245,
              31.205416666845736
            ]
          ]
        ]
      }
    },
    {
      "type": "Feature",
      "id": "PF_465622",
      "properties": {
        "id": "PF_465622",
        "pfafId": 465622,
        "downstream": "PF_465621",
        "areaKm2": 352.482816,
        "source": "Pfafstetter level_6 AOI-clipped project-provided vector",
        "name": "孝感·城区4",
        "code": "PF_465622"
      },
      "geometry": {
        "type": "Polygon",
        "coordinates": [
          [
            [
              113.48208333377886,
              31.147916666421054
            ],
            [
              113.51041666639605,
              31.14458333375393
            ],
            [
              113.51791666692066,
              31.122083333079388
            ],
            [
              113.54125000008753,
              31.105416667045574
            ],
            [
              113.55875000041226,
              31.06375000016243
            ],
            [
              113.58791666642105,
              31.042083333778862
            ],
            [
              113.59458333355406,
              31.047083333229295
            ],
            [
              113.60124999978768,
              31.02291666667088
            ],
            [
              113.62958333330425,
              30.994583333154367
            ],
            [
              113.61708333332922,
              30.98041666639608
            ],
            [
              113.62291666707063,
              30.946250000037537
            ],
            [
              113.609583333704,
              30.904583333154335
            ],
            [
              113.57374999966282,
              30.90124999958789
            ],
            [
              113.55625000023736,
              30.885416666945673
            ],
            [
              113.55625000023736,
              30.852083333079406
            ],
            [
              113.54791666632116,
              30.850416666296155
            ],
            [
              113.55541666684576,
              30.83791666632112
            ],
            [
              113.56958333360399,
              30.839583333104372
            ],
            [
              113.5712500003873,
              30.828749999912645
            ],
            [
              113.5629166664711,
              30.82624999973774
            ],
            [
              113.5712500003873,
              30.82208333367896
            ],
            [
              113.56124999968779,
              30.819583333504113
            ],
            [
              113.5670833334292,
              30.80291666657098
            ],
            [
              113.58041666679583,
              30.798749999612824
            ],
            [
              113.57291666627123,
              30.792916666770793
            ],
            [
              113.57875000001252,
              30.765416666645876
            ],
            [
              113.57208333377889,
              30.771250000387283
            ],
            [
              113.55208333327926,
              30.76291666647103
            ],
            [
              113.53958333330422,
              30.803749999962577
            ],
            [
              113.5245833331544,
              30.81458333315436
            ],
            [
              113.53374999956293,
              30.839583333104372
            ],
            [
              113.51875000031237,
              30.877916666421072
            ],
            [
              113.52208333297949,
              30.892916666570954
            ],
            [
              113.50041666659592,
              30.923750000262373
            ],
            [
              113.50124999998752,
              30.939583332904533
            ],
            [
              113.47791666682076,
              30.987083333529085
            ],
            [
              113.46458333345413,
              30.994583333154367
            ],
            [
              113.43958333350406,
              30.988750000312336
            ],
            [
              113.40458333375386,
              31.006249999737747
            ],
            [
              113.4561,
              31.0523
            ],
            [
              113.4629,
              31.1113
            ],
            [
              113.4831,
              31.1336
            ],
            [
              113.48208333377886,
              31.147916666421054
            ]
          ]
        ]
      }
    },
    {
      "type": "Feature",
      "id": "PF_465624",
      "properties": {
        "id": "PF_465624",
        "pfafId": 465624,
        "downstream": "PF_465623",
        "areaKm2": 167.29213,
        "source": "Pfafstetter level_6 AOI-clipped project-provided vector",
        "name": "天门·农业区1",
        "code": "PF_465624"
      },
      "geometry": {
        "type": "Polygon",
        "coordinates": [
          [
            [
              113.3387500003123,
              30.935416666845754
            ],
            [
              113.35958333330427,
              30.89374999996255
            ],
            [
              113.35208333367893,
              30.877916666421072
            ],
            [
              113.38124999968784,
              30.822916667070558
            ],
            [
              113.38124999968784,
              30.802083333179326
            ],
            [
              113.36208333347906,
              30.757916667020595
            ],
            [
              113.3712499998876,
              30.739583333304267
            ],
            [
              113.35458333295446,
              30.73374999956286
            ],
            [
              113.34458333315433,
              30.742916666870713
            ],
            [
              113.32291666677077,
              30.722916666371134
            ],
            [
              113.29791666682081,
              30.76875000021238
            ],
            [
              113.28791666702068,
              30.812083332979512
            ],
            [
              113.27291666687074,
              30.817083333329208
            ],
            [
              113.2537499997627,
              30.85708333342916
            ],
            [
              113.22279275770987,
              30.869583333404137
            ],
            [
              113.2744,
              30.9041
            ],
            [
              113.3256,
              30.8911
            ],
            [
              113.3387500003123,
              30.935416666845754
            ]
          ]
        ]
      }
    },
    {
      "type": "Feature",
      "id": "PF_465626",
      "properties": {
        "id": "PF_465626",
        "pfafId": 465626,
        "downstream": "PF_465625",
        "areaKm2": 259.40137,
        "source": "Pfafstetter level_6 AOI-clipped project-provided vector",
        "name": "天门·农业区4",
        "code": "PF_465626"
      },
      "geometry": {
        "type": "MultiPolygon",
        "coordinates": [
          [
            [
              [
                113.12541666644609,
                30.689583333404187
              ],
              [
                113.12458333305449,
                30.690416666795784
              ],
              [
                113.12541666644609,
                30.690416666795784
              ],
              [
                113.12541666644609,
                30.689583333404187
              ]
            ]
          ],
          [
            [
              [
                113.16791666672088,
                30.7145833333542
              ],
              [
                113.16875000011248,
                30.715416666745853
              ],
              [
                113.16875000011248,
                30.7145833333542
              ],
              [
                113.16791666672088,
                30.7145833333542
              ]
            ]
          ],
          [
            [
              [
                113.15708333352904,
                30.811249999587858
              ],
              [
                113.15458333335425,
                30.756250000237344
              ],
              [
                113.16875000011248,
                30.717083333529047
              ],
              [
                113.13958333320431,
                30.688750000012533
              ],
              [
                113.12958333340418,
                30.692916666970632
              ],
              [
                113.10791666702062,
                30.692083333579035
              ],
              [
                113.10208333327932,
                30.682916666271183
              ],
              [
                113.07708333332926,
                30.682083333778905
              ],
              [
                113.06708333352913,
                30.662916666670867
              ],
              [
                113.04291666697065,
                30.66791666702062
              ],
              [
                113.02791666682083,
                30.65625000043724
              ],
              [
                112.9412500003873,
                30.697083333029468
              ],
              [
                112.94624999983773,
                30.725416666545982
              ],
              [
                112.9295833329046,
                30.742513754707574
              ],
              [
                112.9729,
                30.7667
              ],
              [
                112.9945,
                30.7904
              ],
              [
                113.0079,
                30.7924
              ],
              [
                113.029,
                30.778
              ],
              [
                113.0666,
                30.7842
              ],
              [
                113.0725,
                30.8258
              ],
              [
                113.1376,
                30.8046
              ],
              [
                113.15708333352904,
                30.811249999587858
              ]
            ]
          ]
        ]
      }
    },
    {
      "type": "Feature",
      "id": "PF_465628",
      "properties": {
        "id": "PF_465628",
        "pfafId": 465628,
        "downstream": "PF_465627",
        "areaKm2": 22.053692,
        "source": "Pfafstetter level_6 AOI-clipped project-provided vector",
        "name": "天门·农业区2",
        "code": "PF_465628"
      },
      "geometry": {
        "type": "Polygon",
        "coordinates": [
          [
            [
              112.76624999983767,
              30.80875000031233
            ],
            [
              112.79041666639614,
              30.807916666920676
            ],
            [
              112.8204166666959,
              30.782916666970664
            ],
            [
              112.80958333350407,
              30.784583333753915
            ],
            [
              112.80458333315437,
              30.77458333305441
            ],
            [
              112.77291666697067,
              30.77791666662091
            ],
            [
              112.77291666697067,
              30.763749999862682
            ],
            [
              112.76208333377895,
              30.76041666629618
            ],
            [
              112.73541666704557,
              30.789769964220955
            ],
            [
              112.76624999983767,
              30.80875000031233
            ]
          ]
        ]
      }
    },
    {
      "type": "Feature",
      "id": "PF_465629",
      "properties": {
        "id": "PF_465629",
        "pfafId": 465629,
        "downstream": "PF_465627",
        "areaKm2": 12.241289,
        "source": "Pfafstetter level_6 AOI-clipped project-provided vector",
        "name": "天门·城区1",
        "code": "PF_465629"
      },
      "geometry": {
        "type": "Polygon",
        "coordinates": [
          [
            [
              112.80407643098819,
              30.829583333304242
            ],
            [
              112.8204,
              30.8113
            ],
            [
              112.82375000026241,
              30.784583333753915
            ],
            [
              112.79041666639614,
              30.807916666920676
            ],
            [
              112.76541666644607,
              30.80875000031233
            ],
            [
              112.79,
              30.8289
            ],
            [
              112.80407643098819,
              30.829583333304242
            ]
          ]
        ]
      }
    },
    {
      "type": "Feature",
      "id": "PF_465627",
      "properties": {
        "id": "PF_465627",
        "pfafId": 465627,
        "downstream": "PF_465625",
        "areaKm2": 374.309981,
        "source": "Pfafstetter level_6 AOI-clipped project-provided vector",
        "name": "天门·城区2",
        "code": "PF_465627"
      },
      "geometry": {
        "type": "MultiPolygon",
        "coordinates": [
          [
            [
              [
                112.72041666689574,
                30.721249999587883
              ],
              [
                112.71958333350415,
                30.72208333297948
              ],
              [
                112.72041666689574,
                30.72208333297948
              ],
              [
                112.72041666689574,
                30.721249999587883
              ]
            ]
          ],
          [
            [
              [
                112.9304166662962,
                30.742083333479115
              ],
              [
                112.94541666644602,
                30.72791666672083
              ],
              [
                112.9412500003873,
                30.697083333029468
              ],
              [
                112.94875000001252,
                30.687083333229282
              ],
              [
                112.9720833331794,
                30.687083333229282
              ],
              [
                113.02791666682083,
                30.65625000043724
              ],
              [
                113.04291666697065,
                30.66791666702062
              ],
              [
                113.06708333352913,
                30.662916666670867
              ],
              [
                113.07708333332926,
                30.682083333778905
              ],
              [
                113.10208333327932,
                30.682916666271183
              ],
              [
                113.10791666702062,
                30.692083333579035
              ],
              [
                113.12958333340418,
                30.692916666970632
              ],
              [
                113.13958333320431,
                30.688750000012533
              ],
              [
                113.16791666672088,
                30.715416666745853
              ],
              [
                113.17125000028739,
                30.702083333379164
              ],
              [
                113.14124999998762,
                30.6762500000375
              ],
              [
                113.14124999998762,
                30.659583333104365
              ],
              [
                113.15291666657095,
                30.668750000412217
              ],
              [
                113.16541666654598,
                30.66375000006252
              ],
              [
                113.15875000031235,
                30.657083332929517
              ],
              [
                113.16374999976279,
                30.646249999737734
              ],
              [
                113.13708333302941,
                30.641250000287357
              ],
              [
                113.09541666704558,
                30.653750000262335
              ],
              [
                113.08208333367895,
                30.637916666720855
              ],
              [
                113.06458333335422,
                30.647916666520985
              ],
              [
                113.04041666679575,
                30.61541666694569
              ],
              [
                113.02541666664592,
                30.620416666396068
              ],
              [
                113.00541666704567,
                30.61041666659594
              ],
              [
                112.99708333312935,
                30.626250000137475
              ],
              [
                112.9687499996129,
                30.618749999612817
              ],
              [
                112.95958333320436,
                30.62958333370392
              ],
              [
                112.94374999966283,
                30.62791666692067
              ],
              [
                112.9337499998627,
                30.638750000112452
              ],
              [
                112.92541666684576,
                30.632916666371102
              ],
              [
                112.90708333312944,
                30.645416666346136
              ],
              [
                112.8962499999376,
                30.62541666674582
              ],
              [
                112.87458333355403,
                30.62791666692067
              ],
              [
                112.83541666684573,
                30.607083333029436
              ],
              [
                112.80458333315437,
                30.603750000362254
              ],
              [
                112.79875000031234,
                30.62124999978772
              ],
              [
                112.78458333355411,
                30.620416666396068
              ],
              [
                112.75875000021244,
                30.640416666895703
              ],
              [
                112.78124999998761,
                30.642916667070608
              ],
              [
                112.79208333317933,
                30.65625000043724
              ],
              [
                112.78958333300443,
                30.664583333454118
              ],
              [
                112.75374999986263,
                30.6720833330794
              ],
              [
                112.75958333360404,
                30.684583333054434
              ],
              [
                112.75041666629613,
                30.709583333004446
              ],
              [
                112.68791666642107,
                30.743750000262366
              ],
              [
                112.66958333360401,
                30.739583333304267
              ],
              [
                112.66625000003751,
                30.746394802894674
              ],
              [
                112.73541666704557,
                30.789769964220955
              ],
              [
                112.76208333377895,
                30.76041666629618
              ],
              [
                112.77291666697067,
                30.763749999862682
              ],
              [
                112.77291666697067,
                30.77791666662091
              ],
              [
                112.80458333315437,
                30.77458333305441
              ],
              [
                112.824583333654,
                30.788760130090175
              ],
              [
                112.8286,
                30.7349
              ],
              [
                112.8447,
                30.7327
              ],
              [
                112.8481,
                30.7195
              ],
              [
                112.8744,
                30.7035
              ],
              [
                112.8902,
                30.72
              ],
              [
                112.9157,
                30.72
              ],
              [
                112.9304166662962,
                30.742083333479115
              ]
            ],
            [
              [
                113.12458333305449,
                30.690416666795784
              ],
              [
                113.12541666644609,
                30.689583333404187
              ],
              [
                113.12541666644609,
                30.690416666795784
              ],
              [
                113.12458333305449,
                30.690416666795784
              ]
            ],
            [
              [
                112.95041666679583,
                30.628750000312323
              ],
              [
                112.95125000018743,
                30.62958333370392
              ],
              [
                112.95041666679583,
                30.62958333370392
              ],
              [
                112.95041666679583,
                30.628750000312323
              ]
            ]
          ],
          [
            [
              [
                112.82354280303417,
                30.791249999987542
              ],
              [
                112.8212500000875,
                30.793750000162447
              ],
              [
                112.8204166666959,
                30.797916666221226
              ],
              [
                112.82147209609795,
                30.797916666221226
              ],
              [
                112.82354280303417,
                30.791249999987542
              ]
            ]
          ],
          [
            [
              [
                112.80374999976277,
                30.830391250587144
              ],
              [
                112.80407643098819,
                30.829583333304242
              ],
              [
                112.80374999976277,
                30.829583333304242
              ],
              [
                112.80374999976277,
                30.830391250587144
              ]
            ]
          ]
        ]
      }
    },
    {
      "type": "Feature",
      "id": "PF_465625",
      "properties": {
        "id": "PF_465625",
        "pfafId": 465625,
        "downstream": "PF_465623",
        "areaKm2": 334.243434,
        "source": "Pfafstetter level_6 AOI-clipped project-provided vector",
        "name": "天门·农业区3",
        "code": "PF_465625"
      },
      "geometry": {
        "type": "Polygon",
        "coordinates": [
          [
            [
              113.22375000036232,
              30.86875000001254
            ],
            [
              113.2537499997627,
              30.85708333342916
            ],
            [
              113.27291666687074,
              30.817083333329208
            ],
            [
              113.28791666702068,
              30.812083332979512
            ],
            [
              113.31791666642107,
              30.725416666545982
            ],
            [
              113.3337499999626,
              30.72624999993758
            ],
            [
              113.34458333315433,
              30.742916666870713
            ],
            [
              113.35458333295446,
              30.73374999956286
            ],
            [
              113.3687499997128,
              30.738749999912613
            ],
            [
              113.3787500004122,
              30.734583332954514
            ],
            [
              113.3762500002374,
              30.717083333529047
            ],
            [
              113.36291666687077,
              30.707916666221195
            ],
            [
              113.3670833329295,
              30.69874999981272
            ],
            [
              113.34708333332924,
              30.68374999966278
            ],
            [
              113.35458333295446,
              30.680416666995654
            ],
            [
              113.34958333350414,
              30.662916666670867
            ],
            [
              113.32708333372898,
              30.67041666629615
            ],
            [
              113.30125000038731,
              30.651250000087487
            ],
            [
              113.27874999971277,
              30.65625000043724
            ],
            [
              113.27541666704565,
              30.643749999562885
            ],
            [
              113.23375000016244,
              30.632916666371102
            ],
            [
              113.21708333322931,
              30.614583333554037
            ],
            [
              113.20708333342918,
              30.62708333352907
            ],
            [
              113.18208333347911,
              30.62791666692067
            ],
            [
              113.20041666629618,
              30.68125000038725
            ],
            [
              113.14874999961285,
              30.682083333778905
            ],
            [
              113.17125000028739,
              30.702083333379164
            ],
            [
              113.15458333335425,
              30.756250000237344
            ],
            [
              113.15625000013745,
              30.812418340668973
            ],
            [
              113.1864,
              30.821
            ],
            [
              113.22375000036232,
              30.86875000001254
            ]
          ]
        ]
      }
    },
    {
      "type": "Feature",
      "id": "PF_465623",
      "properties": {
        "id": "PF_465623",
        "pfafId": 465623,
        "downstream": "PF_465621",
        "areaKm2": 468.326267,
        "source": "Pfafstetter level_6 AOI-clipped project-provided vector",
        "name": "孝感·农业区3",
        "code": "PF_465623"
      },
      "geometry": {
        "type": "MultiPolygon",
        "coordinates": [
          [
            [
              [
                113.5312500002874,
                30.72791666672083
              ],
              [
                113.53041666689569,
                30.728750000112484
              ],
              [
                113.5312500002874,
                30.728750000112484
              ],
              [
                113.5312500002874,
                30.72791666672083
              ]
            ]
          ],
          [
            [
              [
                113.40458333375386,
                31.006249999737747
              ],
              [
                113.43958333350406,
                30.988750000312336
              ],
              [
                113.47208333307947,
                30.992083332979462
              ],
              [
                113.48791666662089,
                30.970416666595952
              ],
              [
                113.50041666659592,
                30.923750000262373
              ],
              [
                113.52208333297949,
                30.892916666570954
              ],
              [
                113.51875000031237,
                30.877916666421072
              ],
              [
                113.53374999956293,
                30.839583333104372
              ],
              [
                113.5245833331544,
                30.81458333315436
              ],
              [
                113.53958333330422,
                30.803749999962577
              ],
              [
                113.55208333327926,
                30.76291666647103
              ],
              [
                113.57291666627123,
                30.771250000387283
              ],
              [
                113.59041666659596,
                30.76041666629618
              ],
              [
                113.5704166669957,
                30.739583333304267
              ],
              [
                113.56875000021239,
                30.724583333154328
              ],
              [
                113.54958333310435,
                30.725416666545982
              ],
              [
                113.54874999971275,
                30.737083333129362
              ],
              [
                113.5312500002874,
                30.730416666895735
              ],
              [
                113.50041666659592,
                30.7104166663961
              ],
              [
                113.47291666647106,
                30.738749999912613
              ],
              [
                113.4537500002624,
                30.72791666672083
              ],
              [
                113.43875000011246,
                30.742916666870713
              ],
              [
                113.43624999993756,
                30.72374999976273
              ],
              [
                113.41791666622123,
                30.718750000312298
              ],
              [
                113.42124999978773,
                30.70625000033732
              ],
              [
                113.38291666647103,
                30.694583333753883
              ],
              [
                113.36291666687077,
                30.702916666770818
              ],
              [
                113.3762500002374,
                30.717083333529047
              ],
              [
                113.3787500004122,
                30.737083333129362
              ],
              [
                113.36208333347906,
                30.757916667020595
              ],
              [
                113.38124999968784,
                30.822916667070558
              ],
              [
                113.35374999956287,
                30.87208333357904
              ],
              [
                113.35291666707064,
                30.892083333179357
              ],
              [
                113.35958333330427,
                30.89374999996255
              ],
              [
                113.3379166669207,
                30.93948160938812
              ],
              [
                113.3559,
                30.9434
              ],
              [
                113.3911,
                31.0001
              ],
              [
                113.40458333375386,
                31.006249999737747
              ]
            ]
          ]
        ]
      }
    },
    {
      "type": "Feature",
      "id": "PF_465621",
      "properties": {
        "id": "PF_465621",
        "pfafId": 465621,
        "downstream": "PF_465610",
        "areaKm2": 542.557438,
        "source": "Pfafstetter level_6 AOI-clipped project-provided vector",
        "name": "孝感·城区5",
        "code": "PF_465621"
      },
      "geometry": {
        "type": "Polygon",
        "coordinates": [
          [
            [
              113.62958333330425,
              30.992916666371116
            ],
            [
              113.65291666647101,
              30.952916666271165
            ],
            [
              113.66875000001255,
              30.950416666995636
            ],
            [
              113.69958333370391,
              30.919583333304217
            ],
            [
              113.69625000013741,
              30.86875000001254
            ],
            [
              113.72375000026238,
              30.863749999662787
            ],
            [
              113.73208333327932,
              30.853749999862657
            ],
            [
              113.73791666702061,
              30.85875000021241
            ],
            [
              113.75291666627118,
              30.82041666689571
            ],
            [
              113.79124999958788,
              30.80875000031233
            ],
            [
              113.78958333370394,
              30.797916666221226
            ],
            [
              113.81041666669591,
              30.77624999983766
            ],
            [
              113.8512500001874,
              30.77958333340416
            ],
            [
              113.84958333340421,
              30.798749999612824
            ],
            [
              113.87208333317938,
              30.80124999978773
            ],
            [
              113.91458333345417,
              30.759583332904526
            ],
            [
              113.9287500002124,
              30.77374999966281
            ],
            [
              113.9212499996878,
              30.755416666845747
            ],
            [
              113.9287500002124,
              30.738749999912613
            ],
            [
              113.91708333362897,
              30.72958333350408
            ],
            [
              113.95375000016247,
              30.689583333404187
            ],
            [
              113.9254166666459,
              30.658749999712768
            ],
            [
              113.90041666669583,
              30.66208333327927
            ],
            [
              113.91625000023737,
              30.649583333304236
            ],
            [
              113.91791666702068,
              30.630416667095574
            ],
            [
              113.89458333295454,
              30.637916666720855
            ],
            [
              113.8870833333292,
              30.624583333354224
            ],
            [
              113.86958333300447,
              30.62708333352907
            ],
            [
              113.85958333320434,
              30.653750000262335
            ],
            [
              113.86625000033735,
              30.679583333604
            ],
            [
              113.82208333327924,
              30.70625000033732
            ],
            [
              113.78124999978775,
              30.711249999787697
            ],
            [
              113.79124999958788,
              30.72374999976273
            ],
            [
              113.78541666674585,
              30.73374999956286
            ],
            [
              113.74958333360405,
              30.736249999737765
            ],
            [
              113.74291666647105,
              30.72208333297948
            ],
            [
              113.70458333315435,
              30.74125000008746
            ],
            [
              113.67041666679575,
              30.737916666521016
            ],
            [
              113.64124999988769,
              30.747916666321146
            ],
            [
              113.63041666669585,
              30.736249999737765
            ],
            [
              113.61541666654603,
              30.737916666521016
            ],
            [
              113.61124999958793,
              30.750416666495994
            ],
            [
              113.58125000018742,
              30.746250000437215
            ],
            [
              113.59041666659596,
              30.76041666629618
            ],
            [
              113.57875000001252,
              30.76458333325428
            ],
            [
              113.57291666627123,
              30.792916666770793
            ],
            [
              113.58041666679583,
              30.798749999612824
            ],
            [
              113.5670833334292,
              30.80291666657098
            ],
            [
              113.56124999968779,
              30.819583333504113
            ],
            [
              113.5712500003873,
              30.82208333367896
            ],
            [
              113.5629166664711,
              30.82624999973774
            ],
            [
              113.5712500003873,
              30.828749999912645
            ],
            [
              113.56958333360399,
              30.839583333104372
            ],
            [
              113.55541666684576,
              30.83791666632112
            ],
            [
              113.54791666632116,
              30.850416666296155
            ],
            [
              113.55625000023736,
              30.852083333079406
            ],
            [
              113.55625000023736,
              30.885416666945673
            ],
            [
              113.57374999966282,
              30.90124999958789
            ],
            [
              113.609583333704,
              30.904583333154335
            ],
            [
              113.62291666707063,
              30.946250000037537
            ],
            [
              113.61708333332922,
              30.98041666639608
            ],
            [
              113.62958333330425,
              30.992916666371116
            ]
          ]
        ]
      }
    },
    {
      "type": "Feature",
      "id": "PF_465632",
      "properties": {
        "id": "PF_465632",
        "pfafId": 465632,
        "downstream": "PF_465631",
        "areaKm2": 1580.078979,
        "source": "Pfafstetter level_6 AOI-clipped project-provided vector",
        "name": "天门·城区3",
        "code": "PF_465632"
      },
      "geometry": {
        "type": "MultiPolygon",
        "coordinates": [
          [
            [
              [
                113.70374999976275,
                30.61541666694569
              ],
              [
                113.70291666637115,
                30.61625000033729
              ],
              [
                113.70374999976275,
                30.61625000033729
              ],
              [
                113.70374999976275,
                30.61541666694569
              ]
            ]
          ],
          [
            [
              [
                112.6670833334291,
                30.746250000437215
              ],
              [
                112.66958333360401,
                30.739583333304267
              ],
              [
                112.68791666642107,
                30.743750000262366
              ],
              [
                112.75041666629613,
                30.709583333004446
              ],
              [
                112.75958333360404,
                30.684583333054434
              ],
              [
                112.75374999986263,
                30.6720833330794
              ],
              [
                112.78958333300443,
                30.664583333454118
              ],
              [
                112.79208333317933,
                30.65625000043724
              ],
              [
                112.78124999998761,
                30.642916667070608
              ],
              [
                112.75875000021244,
                30.640416666895703
              ],
              [
                112.78458333355411,
                30.620416666396068
              ],
              [
                112.79875000031234,
                30.62124999978772
              ],
              [
                112.80458333315437,
                30.603750000362254
              ],
              [
                112.83541666684573,
                30.607083333029436
              ],
              [
                112.87458333355403,
                30.62791666692067
              ],
              [
                112.8962499999376,
                30.62541666674582
              ],
              [
                112.90708333312944,
                30.645416666346136
              ],
              [
                112.92541666684576,
                30.632916666371102
              ],
              [
                112.9337499998627,
                30.638750000112452
              ],
              [
                112.94374999966283,
                30.62791666692067
              ],
              [
                112.95958333320436,
                30.62958333370392
              ],
              [
                112.9687499996129,
                30.618749999612817
              ],
              [
                112.99708333312935,
                30.626250000137475
              ],
              [
                113.00458333365395,
                30.61041666659594
              ],
              [
                113.02541666664592,
                30.620416666396068
              ],
              [
                113.04041666679575,
                30.61541666694569
              ],
              [
                113.06458333335422,
                30.647916666520985
              ],
              [
                113.08541666634619,
                30.637916666720855
              ],
              [
                113.09541666704558,
                30.653750000262335
              ],
              [
                113.11041666629615,
                30.65458333365399
              ],
              [
                113.12374999966278,
                30.643749999562885
              ],
              [
                113.15374999996254,
                30.640416666895703
              ],
              [
                113.16374999976279,
                30.646249999737734
              ],
              [
                113.15875000031235,
                30.657083332929517
              ],
              [
                113.16541666654598,
                30.66375000006252
              ],
              [
                113.15291666657095,
                30.668750000412217
              ],
              [
                113.14124999998762,
                30.659583333104365
              ],
              [
                113.14124999998762,
                30.6762500000375
              ],
              [
                113.17125000028739,
                30.68541666644603
              ],
              [
                113.20041666629618,
                30.68125000038725
              ],
              [
                113.18208333347911,
                30.62791666692067
              ],
              [
                113.20708333342918,
                30.62708333352907
              ],
              [
                113.21958333340422,
                30.614583333554037
              ],
              [
                113.23375000016244,
                30.632916666371102
              ],
              [
                113.27541666704565,
                30.643749999562885
              ],
              [
                113.27874999971277,
                30.65625000043724
              ],
              [
                113.30125000038731,
                30.651250000087487
              ],
              [
                113.32708333372898,
                30.67041666629615
              ],
              [
                113.34958333350414,
                30.662916666670867
              ],
              [
                113.35458333295446,
                30.680416666995654
              ],
              [
                113.34708333332924,
                30.68374999966278
              ],
              [
                113.35624999973777,
                30.693750000362286
              ],
              [
                113.42124999978773,
                30.70625000033732
              ],
              [
                113.41791666622123,
                30.718750000312298
              ],
              [
                113.43624999993756,
                30.72374999976273
              ],
              [
                113.43875000011246,
                30.742916666870713
              ],
              [
                113.4537500002624,
                30.72791666672083
              ],
              [
                113.47291666647106,
                30.738749999912613
              ],
              [
                113.50041666659592,
                30.7104166663961
              ],
              [
                113.5312500002874,
                30.730416666895735
              ],
              [
                113.54874999971275,
                30.737083333129362
              ],
              [
                113.54958333310435,
                30.725416666545982
              ],
              [
                113.56875000021239,
                30.724583333154328
              ],
              [
                113.57291666627123,
                30.742916666870713
              ],
              [
                113.60124999978768,
                30.752083333279245
              ],
              [
                113.61708333332922,
                30.737083333129362
              ],
              [
                113.63125000008745,
                30.736249999737765
              ],
              [
                113.64124999988769,
                30.747916666321146
              ],
              [
                113.67041666679575,
                30.737916666521016
              ],
              [
                113.69791666692072,
                30.742083333479115
              ],
              [
                113.74291666647105,
                30.72208333297948
              ],
              [
                113.74958333360405,
                30.736249999737765
              ],
              [
                113.78541666674585,
                30.73374999956286
              ],
              [
                113.79124999958788,
                30.72374999976273
              ],
              [
                113.78124999978775,
                30.711249999787697
              ],
              [
                113.82208333327924,
                30.70625000033732
              ],
              [
                113.86791666622128,
                30.67374999986265
              ],
              [
                113.85958333320434,
                30.65458333365399
              ],
              [
                113.83041666629617,
                30.64874999991264
              ],
              [
                113.83791666682077,
                30.636249999937604
              ],
              [
                113.81791666632114,
                30.626250000137475
              ],
              [
                113.82791666702065,
                30.61791666622122
              ],
              [
                113.80374999956291,
                30.61791666622122
              ],
              [
                113.79541666654598,
                30.599583333404155
              ],
              [
                113.78541666674585,
                30.62791666692067
              ],
              [
                113.76375000036228,
                30.62374999996257
              ],
              [
                113.74458333325424,
                30.634583333154353
              ],
              [
                113.74291666647105,
                30.62791666692067
              ],
              [
                113.73791666702061,
                30.626250000137475
              ],
              [
                113.71291666707054,
                30.6370833333292
              ],
              [
                113.69541666674581,
                30.603750000362254
              ],
              [
                113.66708333322936,
                30.597083333229307
              ],
              [
                113.66791666662095,
                30.582083333079424
              ],
              [
                113.63541666704566,
                30.578750000412242
              ],
              [
                113.62874999991266,
                30.587916666820774
              ],
              [
                113.61291666637112,
                30.572916666670892
              ],
              [
                113.62458333295456,
                30.55208333367898
              ],
              [
                113.60708333352909,
                30.540416667095542
              ],
              [
                113.60625000013749,
                30.510416666795777
              ],
              [
                113.59541666694565,
                30.497083333429146
              ],
              [
                113.56875000021239,
                30.502916666271176
              ],
              [
                113.5287500001125,
                30.489583332904544
              ],
              [
                113.51625000013746,
                30.500416666995648
              ],
              [
                113.4895833334042,
                30.495416666645895
              ],
              [
                113.4462499997378,
                30.516249999637807
              ],
              [
                113.43791666672087,
                30.53875000031229
              ],
              [
                113.36625000043728,
                30.543749999762724
              ],
              [
                113.34458333315433,
                30.554583332954508
              ],
              [
                113.3345833333542,
                30.57375000006249
              ],
              [
                113.30374999966284,
                30.580416666296173
              ],
              [
                113.27375000026234,
                30.56958333310439
              ],
              [
                113.2187500000125,
                30.51541666624621
              ],
              [
                113.18125000008752,
                30.532083333179344
              ],
              [
                113.17708333312942,
                30.512916666970682
              ],
              [
                113.11958333360406,
                30.518749999812712
              ],
              [
                113.11041666629615,
                30.527916666221245
              ],
              [
                113.07541666654595,
                30.510416666795777
              ],
              [
                113.07374999976275,
                30.518749999812712
              ],
              [
                113.04624999963778,
                30.518749999812712
              ],
              [
                112.99374999956285,
                30.546249999937572
              ],
              [
                112.95708333302946,
                30.52874999961284
              ],
              [
                112.96791666622119,
                30.547916666720823
              ],
              [
                112.95958333320436,
                30.55624999973776
              ],
              [
                112.97875000031229,
                30.572083333279238
              ],
              [
                112.97041666639609,
                30.576250000237394
              ],
              [
                112.95791666642106,
                30.56541666704561
              ],
              [
                112.9295833329046,
                30.582083333079424
              ],
              [
                112.92291666667086,
                30.572083333279238
              ],
              [
                112.8912499995879,
                30.58124999968777
              ],
              [
                112.87041666659593,
                30.56375000026236
              ],
              [
                112.86541666624623,
                30.532083333179344
              ],
              [
                112.87625000033734,
                30.51708333302946
              ],
              [
                112.8595833334042,
                30.497916666820743
              ],
              [
                112.82958333310444,
                30.516249999637807
              ],
              [
                112.78458333355411,
                30.586250000037523
              ],
              [
                112.747083333629,
                30.585416666645926
              ],
              [
                112.7379166663211,
                30.62958333370392
              ],
              [
                112.72541666634618,
                30.633749999762756
              ],
              [
                112.7395833331044,
                30.647916666520985
              ],
              [
                112.68041666679585,
                30.667083333629023
              ],
              [
                112.63374999956284,
                30.647083333129387
              ],
              [
                112.59541666624625,
                30.672916666471053
              ],
              [
                112.60375000016245,
                30.69874999981272
              ],
              [
                112.6328,
                30.7116
              ],
              [
                112.6670833334291,
                30.746250000437215
              ]
            ],
            [
              [
                112.72041666689574,
                30.72208333297948
              ],
              [
                112.71958333350415,
                30.721249999587883
              ],
              [
                112.72041666689574,
                30.721249999587883
              ],
              [
                112.72041666689574,
                30.72208333297948
              ]
            ],
            [
              [
                113.53041666689569,
                30.728750000112484
              ],
              [
                113.5312500002874,
                30.72791666672083
              ],
              [
                113.5312500002874,
                30.728750000112484
              ],
              [
                113.53041666689569,
                30.728750000112484
              ]
            ],
            [
              [
                113.23791666622128,
                30.537916666920694
              ],
              [
                113.23708333372895,
                30.53875000031229
              ],
              [
                113.23708333372895,
                30.537916666920694
              ],
              [
                113.23791666622128,
                30.537916666920694
              ]
            ]
          ],
          [
            [
              [
                112.95041666679583,
                30.628750000312323
              ],
              [
                112.95125000018743,
                30.62958333370392
              ],
              [
                112.95125000018743,
                30.628750000312323
              ],
              [
                112.95041666679583,
                30.628750000312323
              ]
            ]
          ]
        ]
      }
    },
    {
      "type": "Feature",
      "id": "PF_465634",
      "properties": {
        "id": "PF_465634",
        "pfafId": 465634,
        "downstream": "PF_465633",
        "areaKm2": 651.965885,
        "source": "Pfafstetter level_6 AOI-clipped project-provided vector",
        "name": "潜江·城区",
        "code": "PF_465634"
      },
      "geometry": {
        "type": "Polygon",
        "coordinates": [
          [
            [
              112.6595833329045,
              30.644415122187304
            ],
            [
              112.67125000038732,
              30.646532239452526
            ],
            [
              112.67541666644604,
              30.6370833333292
            ],
            [
              112.66124999968781,
              30.61208333337919
            ],
            [
              112.66041666629621,
              30.57375000006249
            ],
            [
              112.69291666677077,
              30.53124999978769
            ],
            [
              112.71374999976274,
              30.536250000137443
            ],
            [
              112.71624999993765,
              30.551250000287325
            ],
            [
              112.73375000026238,
              30.560416666695858
            ],
            [
              112.740416666496,
              30.542083332979473
            ],
            [
              112.76708333322927,
              30.52541666694566
            ],
            [
              112.78874999961283,
              30.536250000137443
            ],
            [
              112.83124999988763,
              30.488750000412267
            ],
            [
              112.85208333377886,
              30.493749999862644
            ],
            [
              112.8604166667958,
              30.487083333629016
            ],
            [
              112.8604166667958,
              30.46874999991263
            ],
            [
              112.87458333355403,
              30.456249999937597
            ],
            [
              112.8912499995879,
              30.46958333330423
            ],
            [
              112.8995833335041,
              30.433750000162433
            ],
            [
              112.88208333317937,
              30.416249999837646
            ],
            [
              112.84291666647107,
              30.427916666421083
            ],
            [
              112.84124999968776,
              30.40541666664592
            ],
            [
              112.8554166664461,
              30.391249999887634
            ],
            [
              112.85125000038727,
              30.3745833329545
            ],
            [
              112.8604166667958,
              30.359583333703938
            ],
            [
              112.85458333305439,
              30.347916666221238
            ],
            [
              112.83625000023733,
              30.35541666674584
            ],
            [
              112.8195833333042,
              30.350416666396086
            ],
            [
              112.8254166670456,
              30.359583333703938
            ],
            [
              112.84875000021236,
              30.357916666920687
            ],
            [
              112.84708333342917,
              30.390416666496037
            ],
            [
              112.8162499997378,
              30.391249999887634
            ],
            [
              112.8170833331294,
              30.383750000262353
            ],
            [
              112.79875000031234,
              30.387083332929535
            ],
            [
              112.79041666639614,
              30.37708333312935
            ],
            [
              112.74541666684581,
              30.367916666720816
            ],
            [
              112.7054166667458,
              30.387916666321132
            ],
            [
              112.7095833337039,
              30.39958333290457
            ],
            [
              112.65208333327928,
              30.396250000237387
            ],
            [
              112.64874999971278,
              30.385416667045604
            ],
            [
              112.63541666634615,
              30.3862500004372
            ],
            [
              112.63541666634615,
              30.345416666945653
            ],
            [
              112.62958333350412,
              30.334583333753926
            ],
            [
              112.61458333335418,
              30.335416666246203
            ],
            [
              112.61458333335418,
              30.302083333279256
            ],
            [
              112.59958333320435,
              30.28791666652097
            ],
            [
              112.57625000003759,
              30.292916666870724
            ],
            [
              112.57374999986268,
              30.28208333367894
            ],
            [
              112.55541666704562,
              30.27624999993759
            ],
            [
              112.53124999958789,
              30.28791666652097
            ],
            [
              112.52208333317935,
              30.283749999562872
            ],
            [
              112.5111,
              30.3003
            ],
            [
              112.5164,
              30.3442
            ],
            [
              112.5037,
              30.3715
            ],
            [
              112.5265,
              30.4036
            ],
            [
              112.5232,
              30.4331
            ],
            [
              112.5701,
              30.4539
            ],
            [
              112.5778,
              30.4859
            ],
            [
              112.5648,
              30.51
            ],
            [
              112.5744,
              30.5263
            ],
            [
              112.587,
              30.5219
            ],
            [
              112.5918,
              30.5064
            ],
            [
              112.6149,
              30.5226
            ],
            [
              112.5994,
              30.5585
            ],
            [
              112.6202,
              30.5702
            ],
            [
              112.62,
              30.5871
            ],
            [
              112.6379,
              30.6046
            ],
            [
              112.6281,
              30.622
            ],
            [
              112.6405,
              30.6183
            ],
            [
              112.6595833329045,
              30.644415122187304
            ]
          ]
        ]
      }
    },
    {
      "type": "Feature",
      "id": "PF_465635",
      "properties": {
        "id": "PF_465635",
        "pfafId": 465635,
        "downstream": "PF_465633",
        "areaKm2": 136.21109,
        "source": "Pfafstetter level_6 AOI-clipped project-provided vector",
        "name": "天门·城区4",
        "code": "PF_465635"
      },
      "geometry": {
        "type": "MultiPolygon",
        "coordinates": [
          [
            [
              [
                112.67864950763528,
                30.755416666845747
              ],
              [
                112.67708333322935,
                30.751249999887648
              ],
              [
                112.67458333305444,
                30.751249999887648
              ],
              [
                112.67864950763528,
                30.755416666845747
              ]
            ]
          ],
          [
            [
              [
                112.60625000033735,
                30.701249999987567
              ],
              [
                112.59541666624625,
                30.672916666471053
              ],
              [
                112.62458333315442,
                30.649583333304236
              ],
              [
                112.64708333292958,
                30.649583333304236
              ],
              [
                112.68375000036224,
                30.667083333629023
              ],
              [
                112.72291666707054,
                30.658749999712768
              ],
              [
                112.72874999991268,
                30.646249999737734
              ],
              [
                112.7395833331044,
                30.647916666520985
              ],
              [
                112.72541666634618,
                30.633749999762756
              ],
              [
                112.7379166663211,
                30.62958333370392
              ],
              [
                112.747083333629,
                30.585416666645926
              ],
              [
                112.78458333355411,
                30.586250000037523
              ],
              [
                112.85041666699567,
                30.493749999862644
              ],
              [
                112.83124999988763,
                30.488750000412267
              ],
              [
                112.78874999961283,
                30.536250000137443
              ],
              [
                112.7762499996378,
                30.524583333554062
              ],
              [
                112.75958333360404,
                30.52874999961284
              ],
              [
                112.740416666496,
                30.542083332979473
              ],
              [
                112.73541666704557,
                30.560416666695858
              ],
              [
                112.71624999993765,
                30.551250000287325
              ],
              [
                112.71374999976274,
                30.536250000137443
              ],
              [
                112.69291666677077,
                30.53124999978769
              ],
              [
                112.66041666629621,
                30.57375000006249
              ],
              [
                112.66124999968781,
                30.61208333337919
              ],
              [
                112.67541666644604,
                30.632916666371102
              ],
              [
                112.67125000038732,
                30.646532239452526
              ],
              [
                112.7134,
                30.6387
              ],
              [
                112.7144,
                30.6479
              ],
              [
                112.6902,
                30.6638
              ],
              [
                112.6574,
                30.6484
              ],
              [
                112.613,
                30.6452
              ],
              [
                112.5878,
                30.6724
              ],
              [
                112.60625000033735,
                30.701249999987567
              ]
            ]
          ],
          [
            [
              [
                112.6670833334291,
                30.644583332954483
              ],
              [
                112.66510248050317,
                30.645416666346136
              ],
              [
                112.6670833334291,
                30.645776126143506
              ],
              [
                112.6670833334291,
                30.644583332954483
              ]
            ]
          ],
          [
            [
              [
                112.66051028160022,
                30.644583332954483
              ],
              [
                112.66124999968781,
                30.644717567510916
              ],
              [
                112.66124999968781,
                30.644583332954483
              ],
              [
                112.66051028160022,
                30.644583332954483
              ]
            ]
          ],
          [
            [
              [
                112.6595833329045,
                30.643749999562885
              ],
              [
                112.6595,
                30.6444
              ],
              [
                112.6595833329045,
                30.644415122187304
              ],
              [
                112.6595833329045,
                30.643749999562885
              ]
            ]
          ]
        ]
      }
    },
    {
      "type": "Feature",
      "id": "PF_465633",
      "properties": {
        "id": "PF_465633",
        "pfafId": 465633,
        "downstream": "PF_465631",
        "areaKm2": 795.598551,
        "source": "Pfafstetter level_6 AOI-clipped project-provided vector",
        "name": "天门·城区5",
        "code": "PF_465633"
      },
      "geometry": {
        "type": "MultiPolygon",
        "coordinates": [
          [
            [
              [
                113.84291666627121,
                30.63541666654595
              ],
              [
                113.85458333375391,
                30.61625000033729
              ],
              [
                113.87458333335417,
                30.61541666694569
              ],
              [
                113.86791666622128,
                30.608749999812687
              ],
              [
                113.87208333317938,
                30.58708333342912
              ],
              [
                113.85958333320434,
                30.58124999968777
              ],
              [
                113.87541666674588,
                30.55624999973776
              ],
              [
                113.87458333335417,
                30.534583333354192
              ],
              [
                113.85958333320434,
                30.53875000031229
              ],
              [
                113.8479166666209,
                30.56125000008751
              ],
              [
                113.81625000043721,
                30.566250000437208
              ],
              [
                113.81791666632114,
                30.60958333320434
              ],
              [
                113.79458333315438,
                30.591250000387276
              ],
              [
                113.74458333325424,
                30.620416666396068
              ],
              [
                113.72958333310442,
                30.603750000362254
              ],
              [
                113.71125000028735,
                30.61208333337919
              ],
              [
                113.68541666694568,
                30.582083333079424
              ],
              [
                113.65458333325432,
                30.572916666670892
              ],
              [
                113.65791666682082,
                30.558749999912607
              ],
              [
                113.61458333315431,
                30.48458333345411
              ],
              [
                113.59208333337915,
                30.49041666629614
              ],
              [
                113.56875000021239,
                30.480416666496012
              ],
              [
                113.5670833334292,
                30.46874999991263
              ],
              [
                113.55208333327926,
                30.462083333678947
              ],
              [
                113.55625000023736,
                30.448750000312316
              ],
              [
                113.54208333347913,
                30.441249999787715
              ],
              [
                113.53791666652103,
                30.4212500001874
              ],
              [
                113.50124999998752,
                30.40541666664592
              ],
              [
                113.49541666624623,
                30.379583333304254
              ],
              [
                113.51041666639605,
                30.37708333312935
              ],
              [
                113.50874999961286,
                30.369583333504067
              ],
              [
                113.52208333297949,
                30.363749999762717
              ],
              [
                113.51875000031237,
                30.35541666674584
              ],
              [
                113.48791666662089,
                30.367916666720816
              ],
              [
                113.48208333377886,
                30.379583333304254
              ],
              [
                113.46041666649603,
                30.375416666346155
              ],
              [
                113.44125000028737,
                30.3787499999126
              ],
              [
                113.42541666674583,
                30.395416666845733
              ],
              [
                113.41041666659589,
                30.383750000262353
              ],
              [
                113.39208333377894,
                30.404583333254266
              ],
              [
                113.36625000043728,
                30.406250000037517
              ],
              [
                113.35041666689574,
                30.42291666697065
              ],
              [
                113.30291666627124,
                30.4129166662712
              ],
              [
                113.28375000006247,
                30.427916666421083
              ],
              [
                113.26874999991264,
                30.419583333404148
              ],
              [
                113.21958333340422,
                30.42541666624618
              ],
              [
                113.19875000041225,
                30.40708333342917
              ],
              [
                113.17125000028739,
                30.43291666677078
              ],
              [
                113.15625000013745,
                30.4245833337539
              ],
              [
                113.13375000036228,
                30.437916666221213
              ],
              [
                113.11041666629615,
                30.462083333678947
              ],
              [
                113.11458333325425,
                30.483750000062514
              ],
              [
                113.08708333312939,
                30.46708333312938
              ],
              [
                113.06625000013742,
                30.470416666695883
              ],
              [
                113.05874999961281,
                30.480416666496012
              ],
              [
                113.04791666642109,
                30.47708333292951
              ],
              [
                113.03624999983765,
                30.494583333254297
              ],
              [
                113.01041666649598,
                30.489583332904544
              ],
              [
                113.00625000043726,
                30.498750000212397
              ],
              [
                112.98208333297953,
                30.498750000212397
              ],
              [
                112.97541666674579,
                30.506249999837678
              ],
              [
                112.98208333297953,
                30.514583333753876
              ],
              [
                112.9695833330045,
                30.522083333379157
              ],
              [
                112.96708333372897,
                30.51375000036228
              ],
              [
                112.9412500003873,
                30.50958333340418
              ],
              [
                112.91458333365404,
                30.51541666624621
              ],
              [
                112.8912499995879,
                30.544583333154378
              ],
              [
                112.88041666639606,
                30.539583333703945
              ],
              [
                112.88208333317937,
                30.487083333629016
              ],
              [
                112.85041666699567,
                30.492916666471046
              ],
              [
                112.87541666694574,
                30.512083333579028
              ],
              [
                112.86541666624623,
                30.532083333179344
              ],
              [
                112.86791666642102,
                30.55958333330426
              ],
              [
                112.89708333332919,
                30.582083333079424
              ],
              [
                112.92041666649607,
                30.572083333279238
              ],
              [
                112.92708333362896,
                30.582083333079424
              ],
              [
                112.94541666644602,
                30.57124999988764
              ],
              [
                112.95125000018743,
                30.576250000237394
              ],
              [
                112.95791666642106,
                30.56541666704561
              ],
              [
                112.9770833335291,
                30.57375000006249
              ],
              [
                112.97374999996259,
                30.56125000008751
              ],
              [
                112.95958333320436,
                30.55624999973776
              ],
              [
                112.96791666622119,
                30.547916666720823
              ],
              [
                112.95708333302946,
                30.52874999961284
              ],
              [
                112.99374999956285,
                30.546249999937572
              ],
              [
                113.04624999963778,
                30.518749999812712
              ],
              [
                113.07374999976275,
                30.518749999812712
              ],
              [
                113.07541666654595,
                30.510416666795777
              ],
              [
                113.11041666629615,
                30.527916666221245
              ],
              [
                113.11958333360406,
                30.518749999812712
              ],
              [
                113.17708333312942,
                30.512916666970682
              ],
              [
                113.18125000008752,
                30.532083333179344
              ],
              [
                113.2187500000125,
                30.51541666624621
              ],
              [
                113.27375000026234,
                30.56958333310439
              ],
              [
                113.30374999966284,
                30.580416666296173
              ],
              [
                113.3345833333542,
                30.57375000006249
              ],
              [
                113.34458333315433,
                30.554583332954508
              ],
              [
                113.36625000043728,
                30.543749999762724
              ],
              [
                113.43791666672087,
                30.53875000031229
              ],
              [
                113.4462499997378,
                30.516249999637807
              ],
              [
                113.4895833334042,
                30.495416666645895
              ],
              [
                113.51625000013746,
                30.500416666995648
              ],
              [
                113.5287500001125,
                30.489583332904544
              ],
              [
                113.56875000021239,
                30.502916666271176
              ],
              [
                113.59541666694565,
                30.497083333429146
              ],
              [
                113.60625000013749,
                30.510416666795777
              ],
              [
                113.60708333352909,
                30.540416667095542
              ],
              [
                113.62458333295456,
                30.55208333367898
              ],
              [
                113.61374999976272,
                30.574583333454143
              ],
              [
                113.62874999991266,
                30.587916666820774
              ],
              [
                113.63541666704566,
                30.578750000412242
              ],
              [
                113.66791666662095,
                30.582083333079424
              ],
              [
                113.66708333322936,
                30.597083333229307
              ],
              [
                113.69541666674581,
                30.603750000362254
              ],
              [
                113.71125000028735,
                30.636249999937604
              ],
              [
                113.73791666702061,
                30.626250000137475
              ],
              [
                113.74458333325424,
                30.634583333154353
              ],
              [
                113.76375000036228,
                30.62374999996257
              ],
              [
                113.78541666674585,
                30.62791666692067
              ],
              [
                113.79374999976278,
                30.599583333404155
              ],
              [
                113.80374999956291,
                30.61791666622122
              ],
              [
                113.82791666702065,
                30.61791666622122
              ],
              [
                113.82041666649604,
                30.630416667095574
              ],
              [
                113.84291666627121,
                30.63541666654595
              ]
            ],
            [
              [
                113.56458333325429,
                30.47541666704558
              ],
              [
                113.5637499998627,
                30.47458333365398
              ],
              [
                113.56458333325429,
                30.47458333365398
              ],
              [
                113.56458333325429,
                30.47541666704558
              ]
            ],
            [
              [
                113.51875000031237,
                30.359583333703938
              ],
              [
                113.51791666692066,
                30.360416667095535
              ],
              [
                113.51791666692066,
                30.359583333703938
              ],
              [
                113.51875000031237,
                30.359583333703938
              ]
            ],
            [
              [
                112.87041666659593,
                30.492083333079393
              ],
              [
                112.87124999998753,
                30.492916666471046
              ],
              [
                112.87041666659593,
                30.492916666471046
              ],
              [
                112.87041666659593,
                30.492083333079393
              ]
            ],
            [
              [
                113.70291666637115,
                30.61625000033729
              ],
              [
                113.70374999976275,
                30.61541666694569
              ],
              [
                113.70374999976275,
                30.61625000033729
              ],
              [
                113.70291666637115,
                30.61625000033729
              ]
            ],
            [
              [
                112.9506,
                30.5293
              ],
              [
                112.9566,
                30.5255
              ],
              [
                112.9471,
                30.5319
              ],
              [
                112.9506,
                30.5293
              ]
            ],
            [
              [
                112.9608,
                30.5257
              ],
              [
                112.9731,
                30.5288
              ],
              [
                112.9566,
                30.5255
              ],
              [
                112.9608,
                30.5257
              ]
            ],
            [
              [
                112.9905,
                30.5359
              ],
              [
                113.0019669525268,
                30.535267963246554
              ],
              [
                112.9997,
                30.536
              ],
              [
                112.9905,
                30.5359
              ]
            ],
            [
              [
                113.00512725366877,
                30.534247449336128
              ],
              [
                113.01448154905336,
                30.529624061962135
              ],
              [
                113.0093,
                30.5329
              ],
              [
                113.00512725366877,
                30.534247449336128
              ]
            ],
            [
              [
                113.4571,
                30.3788
              ],
              [
                113.4591,
                30.3818
              ],
              [
                113.46056853146855,
                30.385086713286753
              ],
              [
                113.4571,
                30.3788
              ]
            ],
            [
              [
                113.4642320261438,
                30.391726797385623
              ],
              [
                113.46660831622177,
                30.393069917864477
              ],
              [
                113.4651,
                30.3933
              ],
              [
                113.4642320261438,
                30.391726797385623
              ]
            ],
            [
              [
                113.4695729304514,
                30.39261768857521
              ],
              [
                113.4887,
                30.3791
              ],
              [
                113.471,
                30.3924
              ],
              [
                113.4695729304514,
                30.39261768857521
              ]
            ],
            [
              [
                113.49385879396985,
                30.380761306532662
              ],
              [
                113.4946,
                30.381
              ],
              [
                113.4963,
                30.3839
              ],
              [
                113.49385879396985,
                30.380761306532662
              ]
            ],
            [
              [
                112.868753934826,
                30.497036954112186
              ],
              [
                112.8616,
                30.492
              ],
              [
                112.867,
                30.4951
              ],
              [
                112.868753934826,
                30.497036954112186
              ]
            ],
            [
              [
                112.9203,
                30.5706
              ],
              [
                112.91911044168098,
                30.57109110205831
              ],
              [
                112.9325,
                30.5615
              ],
              [
                112.9203,
                30.5706
              ]
            ]
          ],
          [
            [
              [
                113.23791666622128,
                30.537916666920694
              ],
              [
                113.23708333372895,
                30.53875000031229
              ],
              [
                113.23791666622128,
                30.53875000031229
              ],
              [
                113.23791666622128,
                30.537916666920694
              ]
            ]
          ]
        ]
      }
    },
    {
      "type": "Feature",
      "id": "PF_465631",
      "properties": {
        "id": "PF_465631",
        "pfafId": 465631,
        "downstream": "PF_465610",
        "areaKm2": 28.384181,
        "source": "Pfafstetter level_6 AOI-clipped project-provided vector",
        "name": "孝感·城区6",
        "code": "PF_465631"
      },
      "geometry": {
        "type": "MultiPolygon",
        "coordinates": [
          [
            [
              [
                113.83625000003758,
                30.633749999762756
              ],
              [
                113.83541666664587,
                30.634583333154353
              ],
              [
                113.83625000003758,
                30.634583333154353
              ],
              [
                113.83625000003758,
                30.633749999762756
              ]
            ]
          ],
          [
            [
              [
                113.83625000003758,
                30.634583333154353
              ],
              [
                113.83708333342918,
                30.63541666654595
              ],
              [
                113.83708333342918,
                30.634583333154353
              ],
              [
                113.83625000003758,
                30.634583333154353
              ]
            ]
          ],
          [
            [
              [
                113.9254166666459,
                30.658749999712768
              ],
              [
                113.95541666694567,
                30.682083333778905
              ],
              [
                113.929583333604,
                30.64874999991264
              ],
              [
                113.93958333340413,
                30.636249999937604
              ],
              [
                113.93125000038731,
                30.62541666674582
              ],
              [
                113.89708333312933,
                30.62791666692067
              ],
              [
                113.89708333312933,
                30.61375000016244
              ],
              [
                113.86458333355404,
                30.61375000016244
              ],
              [
                113.84208333377887,
                30.637916666720855
              ],
              [
                113.83124999968777,
                30.638750000112452
              ],
              [
                113.83124999968777,
                30.649583333304236
              ],
              [
                113.85541666624624,
                30.65625000043724
              ],
              [
                113.86958333300447,
                30.62708333352907
              ],
              [
                113.8870833333292,
                30.624583333354224
              ],
              [
                113.89458333295454,
                30.637916666720855
              ],
              [
                113.91791666702068,
                30.630416667095574
              ],
              [
                113.91625000023737,
                30.649583333304236
              ],
              [
                113.90041666669583,
                30.66208333327927
              ],
              [
                113.9254166666459,
                30.658749999712768
              ]
            ]
          ]
        ]
      }
    },
    {
      "type": "Feature",
      "id": "PF_465610",
      "properties": {
        "id": "PF_465610",
        "pfafId": 465610,
        "downstream": "PF_465500",
        "areaKm2": 330.319623,
        "source": "Pfafstetter level_6 AOI-clipped project-provided vector",
        "name": "武汉·城区4",
        "code": "PF_465610"
      },
      "geometry": {
        "type": "MultiPolygon",
        "coordinates": [
          [
            [
              [
                113.9604166663961,
                30.691250000187438
              ],
              [
                113.97624999993764,
                30.674583333254304
              ],
              [
                113.9695833337039,
                30.66958333290455
              ],
              [
                113.97541666654604,
                30.651250000087487
              ],
              [
                113.99291666687077,
                30.647916666520985
              ],
              [
                113.98374999956286,
                30.63541666654595
              ],
              [
                113.9995833331044,
                30.61791666622122
              ],
              [
                114.01374999986263,
                30.61208333337919
              ],
              [
                114.03125000018747,
                30.62541666674582
              ],
              [
                114.0445833335541,
                30.62124999978772
              ],
              [
                114.04958333300442,
                30.611249999987535
              ],
              [
                114.0379166664211,
                30.598750000012558
              ],
              [
                114.0445833335541,
                30.590416666995623
              ],
              [
                114.06875000011246,
                30.605416666246185
              ],
              [
                114.13791666622126,
                30.596249999837653
              ],
              [
                114.16874999991262,
                30.61041666659594
              ],
              [
                114.18291666667085,
                30.596249999837653
              ],
              [
                114.20958333340423,
                30.594583333054402
              ],
              [
                114.20791666662092,
                30.586250000037523
              ],
              [
                114.22458333355405,
                30.585416666645926
              ],
              [
                114.22375000016245,
                30.57708333362899
              ],
              [
                114.26208333347915,
                30.567083332929542
              ],
              [
                114.28041666629622,
                30.57375000006249
              ],
              [
                114.29041666699561,
                30.562916666870706
              ],
              [
                114.25791666652106,
                30.549583333504074
              ],
              [
                114.21791666642105,
                30.568749999712793
              ],
              [
                114.16708333312943,
                30.577916667020645
              ],
              [
                114.15291666637108,
                30.55624999973776
              ],
              [
                114.11208333377886,
                30.55958333330426
              ],
              [
                114.08958333310443,
                30.548750000112477
              ],
              [
                114.06624999993755,
                30.57375000006249
              ],
              [
                114.04958333300442,
                30.56958333310439
              ],
              [
                114.01958333360403,
                30.57958333290452
              ],
              [
                114.01708333342913,
                30.58875000021237
              ],
              [
                113.97875000011243,
                30.592083333778874
              ],
              [
                113.95041666659597,
                30.572916666670892
              ],
              [
                113.97708333332923,
                30.540416667095542
              ],
              [
                113.9679166669207,
                30.536250000137443
              ],
              [
                113.9612499997877,
                30.488750000412267
              ],
              [
                113.9262500000375,
                30.47458333365398
              ],
              [
                113.91625000023737,
                30.47874999971276
              ],
              [
                113.89541666634614,
                30.451249999587844
              ],
              [
                113.87958333370398,
                30.454583333154346
              ],
              [
                113.85624999963784,
                30.439583333004464
              ],
              [
                113.83374999986268,
                30.45374999976275
              ],
              [
                113.83041666629617,
                30.472083333479134
              ],
              [
                113.81708333292954,
                30.47125000008748
              ],
              [
                113.80208333367898,
                30.501250000387245
              ],
              [
                113.81541666704561,
                30.508750000012526
              ],
              [
                113.82458333345414,
                30.53124999978769
              ],
              [
                113.85291666697071,
                30.52124999998756
              ],
              [
                113.87625000013747,
                30.524583333554062
              ],
              [
                113.87541666674588,
                30.55624999973776
              ],
              [
                113.85958333320434,
                30.580416666296173
              ],
              [
                113.87208333317938,
                30.58708333342912
              ],
              [
                113.86791666622128,
                30.608749999812687
              ],
              [
                113.89708333312933,
                30.61375000016244
              ],
              [
                113.89708333312933,
                30.62791666692067
              ],
              [
                113.92374999986271,
                30.622916666570973
              ],
              [
                113.93708333322934,
                30.62958333370392
              ],
              [
                113.929583333604,
                30.64874999991264
              ],
              [
                113.9604166663961,
                30.691250000187438
              ]
            ]
          ],
          [
            [
              [
                114.17708333292956,
                30.570416666495987
              ],
              [
                114.17625000043722,
                30.57124999988764
              ],
              [
                114.17708333292956,
                30.57124999988764
              ],
              [
                114.17708333292956,
                30.570416666495987
              ]
            ]
          ]
        ]
      }
    },
    {
      "type": "Feature",
      "id": "PF_465702",
      "properties": {
        "id": "PF_465702",
        "pfafId": 465702,
        "downstream": "PF_465701",
        "areaKm2": 1341.097631,
        "source": "Pfafstetter level_6 AOI-clipped project-provided vector",
        "name": "武汉·城区6",
        "code": "PF_465702"
      },
      "geometry": {
        "type": "MultiPolygon",
        "coordinates": [
          [
            [
              [
                113.74875000021245,
                30.618749999612817
              ],
              [
                113.79458333315438,
                30.591250000387276
              ],
              [
                113.81791666632114,
                30.60958333320434
              ],
              [
                113.81625000043721,
                30.566250000437208
              ],
              [
                113.8479166666209,
                30.56125000008751
              ],
              [
                113.85958333320434,
                30.53875000031229
              ],
              [
                113.87541666674588,
                30.533749999962595
              ],
              [
                113.87124999978766,
                30.51958333320431
              ],
              [
                113.82458333345414,
                30.53124999978769
              ],
              [
                113.81541666704561,
                30.508750000012526
              ],
              [
                113.80208333367898,
                30.501250000387245
              ],
              [
                113.81708333292954,
                30.47125000008748
              ],
              [
                113.83041666629617,
                30.472083333479134
              ],
              [
                113.83374999986268,
                30.45374999976275
              ],
              [
                113.85624999963784,
                30.439583333004464
              ],
              [
                113.87958333370398,
                30.454583333154346
              ],
              [
                113.89541666634614,
                30.451249999587844
              ],
              [
                113.91625000023737,
                30.47874999971276
              ],
              [
                113.95375000016247,
                30.485416666845765
              ],
              [
                113.9679166669207,
                30.479583333104415
              ],
              [
                113.97374999976273,
                30.4595833335041
              ],
              [
                113.98624999973777,
                30.46374999956288
              ],
              [
                113.99291666687077,
                30.45374999976275
              ],
              [
                114.02291666627116,
                30.4629166670706
              ],
              [
                114.0387499998127,
                30.442916666570966
              ],
              [
                114.07374999956289,
                30.45791666672085
              ],
              [
                114.11291666627119,
                30.460416666895696
              ],
              [
                114.15458333315439,
                30.489583332904544
              ],
              [
                114.19291666647109,
                30.456249999937597
              ],
              [
                114.18625000023735,
                30.452916666371095
              ],
              [
                114.17541666704562,
                30.438749999612867
              ],
              [
                114.16708333312943,
                30.420416666795802
              ],
              [
                114.15541666654599,
                30.416249999837646
              ],
              [
                114.13625000033733,
                30.377916666521003
              ],
              [
                114.11624999983769,
                30.373749999562904
              ],
              [
                114.1187500000126,
                30.36458333315437
              ],
              [
                114.09375000006253,
                30.34958333300449
              ],
              [
                114.09208333327922,
                30.33208333357902
              ],
              [
                114.06958333350406,
                30.302083333279256
              ],
              [
                114.0420833333792,
                30.304583333454104
              ],
              [
                114.0037500000625,
                30.289583333304222
              ],
              [
                113.99208333347917,
                30.30541666684576
              ],
              [
                113.94541666624616,
                30.30875000041226
              ],
              [
                113.93374999966284,
                30.31875000021239
              ],
              [
                113.9220833330794,
                30.31291666647104
              ],
              [
                113.92374999986271,
                30.302916666670853
              ],
              [
                113.90041666669583,
                30.296250000437226
              ],
              [
                113.87291666657097,
                30.248749999812674
              ],
              [
                113.85458333375391,
                30.263749999962556
              ],
              [
                113.83374999986268,
                30.263749999962556
              ],
              [
                113.82875000041224,
                30.275416666545993
              ],
              [
                113.8087499999126,
                30.25874999961286
              ],
              [
                113.80291666707058,
                30.257916666221206
              ],
              [
                113.79374999976278,
                30.267083333529058
              ],
              [
                113.78458333335425,
                30.254583333554024
              ],
              [
                113.77291666677081,
                30.255416666945678
              ],
              [
                113.76624999963781,
                30.259583333004457
              ],
              [
                113.76791666642112,
                30.295416667045572
              ],
              [
                113.75041666699565,
                30.287083333129374
              ],
              [
                113.71958333330429,
                30.302916666670853
              ],
              [
                113.67624999963789,
                30.26458333335421
              ],
              [
                113.63791666632119,
                30.26458333335421
              ],
              [
                113.61708333332922,
                30.303750000062507
              ],
              [
                113.62791666652106,
                30.33208333357902
              ],
              [
                113.61291666637112,
                30.348749999612835
              ],
              [
                113.58375000036233,
                30.344583333554056
              ],
              [
                113.56541666664589,
                30.353749999962588
              ],
              [
                113.55875000041226,
                30.396250000237387
              ],
              [
                113.53791666652103,
                30.387916666321132
              ],
              [
                113.51208333317936,
                30.402916666471015
              ],
              [
                113.49874999981273,
                30.391249999887634
              ],
              [
                113.49791666642113,
                30.397916667020638
              ],
              [
                113.51041666639605,
                30.413749999662798
              ],
              [
                113.53791666652103,
                30.4212500001874
              ],
              [
                113.54208333347913,
                30.441249999787715
              ],
              [
                113.55625000023736,
                30.448750000312316
              ],
              [
                113.55208333327926,
                30.462083333678947
              ],
              [
                113.5670833334292,
                30.46874999991263
              ],
              [
                113.56875000021239,
                30.480416666496012
              ],
              [
                113.59208333337915,
                30.49041666629614
              ],
              [
                113.61541666654603,
                30.485416666845765
              ],
              [
                113.61708333332922,
                30.500416666995648
              ],
              [
                113.65791666682082,
                30.558749999912607
              ],
              [
                113.65458333325432,
                30.572916666670892
              ],
              [
                113.68541666694568,
                30.582083333079424
              ],
              [
                113.71125000028735,
                30.61208333337919
              ],
              [
                113.72541666704558,
                30.602916666970657
              ],
              [
                113.74875000021245,
                30.618749999612817
              ]
            ],
            [
              [
                113.79958333350407,
                30.26291666657096
              ],
              [
                113.80041666689567,
                30.263749999962556
              ],
              [
                113.79958333350407,
                30.263749999962556
              ],
              [
                113.79958333350407,
                30.26291666657096
              ]
            ],
            [
              [
                113.69556425120773,
                30.398376650563605
              ],
              [
                113.6969,
                30.399
              ],
              [
                113.707,
                30.4073
              ],
              [
                113.69556425120773,
                30.398376650563605
              ]
            ],
            [
              [
                113.711,
                30.4134
              ],
              [
                113.71116862252026,
                30.416030511316013
              ],
              [
                113.707,
                30.4073
              ],
              [
                113.711,
                30.4134
              ]
            ],
            [
              [
                113.7214,
                30.4316
              ],
              [
                113.7362,
                30.4307
              ],
              [
                113.74034670658682,
                30.431695209580838
              ],
              [
                113.7214,
                30.4316
              ]
            ]
          ],
          [
            [
              [
                114.19625000003748,
                30.451249999587844
              ],
              [
                114.19708333342919,
                30.450416667095567
              ],
              [
                114.19625000003748,
                30.450416667095567
              ],
              [
                114.19625000003748,
                30.451249999587844
              ]
            ]
          ],
          [
            [
              [
                114.19541666664588,
                30.452083332979498
              ],
              [
                114.19625000003748,
                30.451249999587844
              ],
              [
                114.19541666664588,
                30.451249999587844
              ],
              [
                114.19541666664588,
                30.452083332979498
              ]
            ]
          ],
          [
            [
              [
                114.19458333325429,
                30.452916666371095
              ],
              [
                114.19541666664588,
                30.452083332979498
              ],
              [
                114.19458333325429,
                30.452083332979498
              ],
              [
                114.19458333325429,
                30.452916666371095
              ]
            ]
          ],
          [
            [
              [
                114.19374999986269,
                30.45374999976275
              ],
              [
                114.19458333325429,
                30.452916666371095
              ],
              [
                114.19374999986269,
                30.452916666371095
              ],
              [
                114.19374999986269,
                30.45374999976275
              ]
            ]
          ],
          [
            [
              [
                114.19291666647109,
                30.454583333154346
              ],
              [
                114.19374999986269,
                30.45374999976275
              ],
              [
                114.19291666647109,
                30.45374999976275
              ],
              [
                114.19291666647109,
                30.454583333154346
              ]
            ]
          ],
          [
            [
              [
                114.19208333307938,
                30.455416666546
              ],
              [
                114.19291666647109,
                30.454583333154346
              ],
              [
                114.19208333307938,
                30.454583333154346
              ],
              [
                114.19208333307938,
                30.455416666546
              ]
            ]
          ],
          [
            [
              [
                113.5637499998627,
                30.47541666704558
              ],
              [
                113.56458333325429,
                30.47458333365398
              ],
              [
                113.5637499998627,
                30.47458333365398
              ],
              [
                113.5637499998627,
                30.47541666704558
              ]
            ]
          ]
        ]
      }
    },
    {
      "type": "Feature",
      "id": "PF_465704",
      "properties": {
        "id": "PF_465704",
        "pfafId": 465704,
        "downstream": "PF_465703",
        "areaKm2": 2628.102598,
        "source": "Pfafstetter level_6 AOI-clipped project-provided vector",
        "name": "咸宁·农业区2",
        "code": "PF_465704"
      },
      "geometry": {
        "type": "MultiPolygon",
        "coordinates": [
          [
            [
              [
                114.21708333302945,
                30.359583333703938
              ],
              [
                114.22708333372896,
                30.347083333728904
              ],
              [
                114.28208333307941,
                30.352916666570934
              ],
              [
                114.28791666682082,
                30.33791666642105
              ],
              [
                114.32374999996262,
                30.325416666446074
              ],
              [
                114.32124999978771,
                30.307916667020606
              ],
              [
                114.29041666699561,
                30.286249999737777
              ],
              [
                114.31208333337918,
                30.273749999762742
              ],
              [
                114.30791666642108,
                30.213750000062532
              ],
              [
                114.28875000021242,
                30.195416666346148
              ],
              [
                114.27791666702058,
                30.165416666945703
              ],
              [
                114.30208333357905,
                30.13541666664588
              ],
              [
                114.28708333342911,
                30.12541666684575
              ],
              [
                114.29875000001255,
                30.11791666632115
              ],
              [
                114.29791666662095,
                30.087916666920705
              ],
              [
                114.33208333297955,
                30.083749999962606
              ],
              [
                114.33958333350415,
                30.06208333357904
              ],
              [
                114.37708333342914,
                30.05458333305444
              ],
              [
                114.37791666682074,
                30.010416666895708
              ],
              [
                114.39375000036227,
                29.972083333579008
              ],
              [
                114.45458333345414,
                29.951249999687775
              ],
              [
                114.45625000023733,
                29.942083333279243
              ],
              [
                114.4337499995629,
                29.91541666654598
              ],
              [
                114.4029166667708,
                29.904583333354196
              ],
              [
                114.40458333355411,
                29.879583333404184
              ],
              [
                114.38875000001258,
                29.858750000412215
              ],
              [
                114.42124999958787,
                29.826249999937602
              ],
              [
                114.4429166668707,
                29.84208333347908
              ],
              [
                114.45708333362904,
                29.83458333295448
              ],
              [
                114.44874999971273,
                29.801249999987533
              ],
              [
                114.46708333342917,
                29.802083333379187
              ],
              [
                114.4787500000125,
                29.78208333377887
              ],
              [
                114.4770833332293,
                29.76124999988764
              ],
              [
                114.48958333320434,
                29.748749999912604
              ],
              [
                114.5537499998627,
                29.75125000008751
              ],
              [
                114.5512499996878,
                29.719583333004493
              ],
              [
                114.54208333327927,
                29.70708333302946
              ],
              [
                114.53125000008754,
                29.70874999981271
              ],
              [
                114.53125000008754,
                29.69541666644608
              ],
              [
                114.50458333335416,
                29.686250000037546
              ],
              [
                114.49625000033734,
                29.70125000018743
              ],
              [
                114.43291666707057,
                29.697083333229273
              ],
              [
                114.43624999973781,
                29.68374999986264
              ],
              [
                114.40874999961284,
                29.675416666845763
              ],
              [
                114.4029166667708,
                29.6529166670706
              ],
              [
                114.38458333305448,
                29.66291666687073
              ],
              [
                114.3654166668457,
                29.66041666669588
              ],
              [
                114.36958333290454,
                29.678750000412265
              ],
              [
                114.3612499998876,
                29.685416666645892
              ],
              [
                114.32875000031231,
                29.671249999887664
              ],
              [
                114.31375000016249,
                29.673750000062512
              ],
              [
                114.30208333357905,
                29.661250000087477
              ],
              [
                114.23708333352909,
                29.653749999562876
              ],
              [
                114.20208333377889,
                29.62958333300446
              ],
              [
                114.17958333310435,
                29.63208333317931
              ],
              [
                114.1579166667209,
                29.650416666895694
              ],
              [
                114.12125000018739,
                29.65458333295453
              ],
              [
                114.10958333360406,
                29.672916666670858
              ],
              [
                114.1187500000126,
                29.684583333254295
              ],
              [
                114.1579166667209,
                29.691250000387242
              ],
              [
                114.15875000011249,
                29.70874999981271
              ],
              [
                114.10541666664597,
                29.705416666246208
              ],
              [
                114.09541666684572,
                29.697083333229273
              ],
              [
                114.07791666652099,
                29.703750000362277
              ],
              [
                114.0837500002624,
                29.709583333204307
              ],
              [
                114.07291666707056,
                29.72875000031229
              ],
              [
                114.06208333297946,
                29.73208333297947
              ],
              [
                114.0462500003373,
                29.71874999961284
              ],
              [
                114.0445833335541,
                29.732916666371125
              ],
              [
                114.03458333375386,
                29.735416666545973
              ],
              [
                114.03958333320429,
                29.746249999737756
              ],
              [
                114.06208333297946,
                29.750416666695855
              ],
              [
                114.06708333332926,
                29.760416666495985
              ],
              [
                114.0462500003373,
                29.77458333325427
              ],
              [
                114.0462500003373,
                29.78624999983765
              ],
              [
                114.01208333307943,
                29.783749999662803
              ],
              [
                114.01625000003753,
                29.771249999687768
              ],
              [
                114.0054166668458,
                29.767916667020643
              ],
              [
                113.97541666654604,
                29.810416666396065
              ],
              [
                113.9645833333542,
                29.790416666795807
              ],
              [
                113.89458333295454,
                29.771249999687768
              ],
              [
                113.8904166668957,
                29.80958333300447
              ],
              [
                113.86458333355404,
                29.816250000137472
              ],
              [
                113.86375000016244,
                29.837916666520982
              ],
              [
                113.8879166667208,
                29.840416666695887
              ],
              [
                113.9212499996878,
                29.910416667095546
              ],
              [
                113.94958333320437,
                29.92291666707058
              ],
              [
                113.9304166669956,
                29.932083333479113
              ],
              [
                113.93125000038731,
                29.995416666745825
              ],
              [
                113.97791666672083,
                30.02125000008749
              ],
              [
                114.06624999993755,
                30.043749999862655
              ],
              [
                114.07125000028736,
                30.06791666642107
              ],
              [
                114.09708333362903,
                30.092083332979485
              ],
              [
                114.09708333362903,
                30.112916666870717
              ],
              [
                114.12125000018739,
                30.13374999986263
              ],
              [
                114.09708333362903,
                30.165416666945703
              ],
              [
                114.0812500000875,
                30.17208333317933
              ],
              [
                114.07208333367896,
                30.16791666622123
              ],
              [
                114.06458333315436,
                30.200416666695844
              ],
              [
                114.06958333350406,
                30.228750000212415
              ],
              [
                114.09208333327922,
                30.253750000162427
              ],
              [
                114.09625000023743,
                30.282916667070594
              ],
              [
                114.10875000021235,
                30.296250000437226
              ],
              [
                114.10041666629616,
                30.307916667020606
              ],
              [
                114.11791666662089,
                30.317916666820793
              ],
              [
                114.10958333360406,
                30.3362499996378
              ],
              [
                114.12041666679579,
                30.352083333179337
              ],
              [
                114.12624999963782,
                30.344583333554056
              ],
              [
                114.18458333345416,
                30.34958333300449
              ],
              [
                114.19625000003748,
                30.341249999987554
              ],
              [
                114.21708333302945,
                30.359583333703938
              ]
            ],
            [
              [
                113.94791666642107,
                29.929583333304265
              ],
              [
                113.94874999981266,
                29.930416666695862
              ],
              [
                113.94791666642107,
                29.930416666695862
              ],
              [
                113.94791666642107,
                29.929583333304265
              ]
            ]
          ],
          [
            [
              [
                114.07458333295449,
                30.167083333728897
              ],
              [
                114.07374999956289,
                30.16791666622123
              ],
              [
                114.07458333295449,
                30.16791666622123
              ],
              [
                114.07458333295449,
                30.167083333728897
              ]
            ]
          ]
        ]
      }
    },
    {
      "type": "Feature",
      "id": "PF_465706",
      "properties": {
        "id": "PF_465706",
        "pfafId": 465706,
        "downstream": "PF_465705",
        "areaKm2": 2691.928436,
        "source": "Pfafstetter level_6 AOI-clipped project-provided vector",
        "name": "仙桃·城区",
        "code": "PF_465706"
      },
      "geometry": {
        "type": "MultiPolygon",
        "coordinates": [
          [
            [
              [
                113.79958333350407,
                30.26291666657096
              ],
              [
                113.80041666689567,
                30.263749999962556
              ],
              [
                113.80041666689567,
                30.26291666657096
              ],
              [
                113.79958333350407,
                30.26291666657096
              ]
            ]
          ],
          [
            [
              [
                112.8920833329795,
                30.541249999587876
              ],
              [
                112.91458333365404,
                30.51541666624621
              ],
              [
                112.9412500003873,
                30.50958333340418
              ],
              [
                112.96708333372897,
                30.51375000036228
              ],
              [
                112.9695833330045,
                30.522083333379157
              ],
              [
                112.98208333297953,
                30.514583333753876
              ],
              [
                112.97541666674579,
                30.508750000012526
              ],
              [
                112.98208333297953,
                30.498750000212397
              ],
              [
                113.00625000043726,
                30.498750000212397
              ],
              [
                113.01041666649598,
                30.489583332904544
              ],
              [
                113.03624999983765,
                30.494583333254297
              ],
              [
                113.04791666642109,
                30.47708333292951
              ],
              [
                113.05874999961281,
                30.480416666496012
              ],
              [
                113.06625000013742,
                30.470416666695883
              ],
              [
                113.08708333312939,
                30.46708333312938
              ],
              [
                113.11458333325425,
                30.483750000062514
              ],
              [
                113.11041666629615,
                30.462083333678947
              ],
              [
                113.13375000036228,
                30.437916666221213
              ],
              [
                113.15625000013745,
                30.4245833337539
              ],
              [
                113.17125000028739,
                30.43291666677078
              ],
              [
                113.19875000041225,
                30.40708333342917
              ],
              [
                113.21958333340422,
                30.42541666624618
              ],
              [
                113.26874999991264,
                30.419583333404148
              ],
              [
                113.28375000006247,
                30.427916666421083
              ],
              [
                113.30291666627124,
                30.4129166662712
              ],
              [
                113.35041666689574,
                30.42291666697065
              ],
              [
                113.36625000043728,
                30.406250000037517
              ],
              [
                113.39208333377894,
                30.404583333254266
              ],
              [
                113.41041666659589,
                30.383750000262353
              ],
              [
                113.42541666674583,
                30.395416666845733
              ],
              [
                113.44125000028737,
                30.3787499999126
              ],
              [
                113.48208333377886,
                30.379583333304254
              ],
              [
                113.48791666662089,
                30.367916666720816
              ],
              [
                113.51791666692066,
                30.35541666674584
              ],
              [
                113.52208333297949,
                30.363749999762717
              ],
              [
                113.50874999961286,
                30.369583333504067
              ],
              [
                113.51041666639605,
                30.37708333312935
              ],
              [
                113.49541666624623,
                30.379583333304254
              ],
              [
                113.49874999981273,
                30.39208333327923
              ],
              [
                113.51124999978776,
                30.402916666471015
              ],
              [
                113.53791666652103,
                30.387916666321132
              ],
              [
                113.55875000041226,
                30.396250000237387
              ],
              [
                113.56541666664589,
                30.353749999962588
              ],
              [
                113.59208333337915,
                30.3437500001624
              ],
              [
                113.609583333704,
                30.350416666396086
              ],
              [
                113.62791666652106,
                30.33208333357902
              ],
              [
                113.61708333332922,
                30.303750000062507
              ],
              [
                113.63791666632119,
                30.26458333335421
              ],
              [
                113.67624999963789,
                30.26458333335421
              ],
              [
                113.71958333330429,
                30.302916666670853
              ],
              [
                113.75041666699565,
                30.287083333129374
              ],
              [
                113.76791666642112,
                30.295416667045572
              ],
              [
                113.76624999963781,
                30.259583333004457
              ],
              [
                113.77291666677081,
                30.255416666945678
              ],
              [
                113.78458333335425,
                30.254583333554024
              ],
              [
                113.79374999976278,
                30.267083333529058
              ],
              [
                113.80291666707058,
                30.257916666221206
              ],
              [
                113.8087499999126,
                30.25874999961286
              ],
              [
                113.82875000041224,
                30.275416666545993
              ],
              [
                113.83374999986268,
                30.263749999962556
              ],
              [
                113.85458333375391,
                30.263749999962556
              ],
              [
                113.87124999978766,
                30.248749999812674
              ],
              [
                113.87041666639607,
                30.235416666446042
              ],
              [
                113.85791666642103,
                30.20550590275219
              ],
              [
                113.8223,
                30.1843
              ],
              [
                113.8239,
                30.1513
              ],
              [
                113.7991,
                30.1353
              ],
              [
                113.7571,
                30.1263
              ],
              [
                113.7334,
                30.1384
              ],
              [
                113.7073,
                30.118
              ],
              [
                113.7029,
                30.0986
              ],
              [
                113.6804,
                30.0974
              ],
              [
                113.6652,
                30.0851
              ],
              [
                113.6234,
                30.0905
              ],
              [
                113.52374999976269,
                30.07208333337917
              ],
              [
                113.49874999981273,
                30.11375000026237
              ],
              [
                113.50041666659592,
                30.13374999986263
              ],
              [
                113.47419014485922,
                30.137083333429132
              ],
              [
                113.3787,
                30.1959
              ],
              [
                113.3376,
                30.1946
              ],
              [
                113.3088,
                30.1593
              ],
              [
                113.1997,
                30.1573
              ],
              [
                113.1526,
                30.1448
              ],
              [
                113.1188,
                30.1537
              ],
              [
                113.0864,
                30.1485
              ],
              [
                113.0535,
                30.1849
              ],
              [
                113.02629789288851,
                30.192707287093942
              ],
              [
                113.0259,
                30.1752
              ],
              [
                113.0059,
                30.1414
              ],
              [
                112.9481,
                30.1386
              ],
              [
                112.9424,
                30.1601
              ],
              [
                112.8755,
                30.1722
              ],
              [
                112.8644,
                30.192
              ],
              [
                112.8594,
                30.1872
              ],
              [
                112.8554166664461,
                30.185531766289397
              ],
              [
                112.85041666699567,
                30.200416666695844
              ],
              [
                112.8587500000126,
                30.21291666667088
              ],
              [
                112.87874999961286,
                30.21875000041223
              ],
              [
                112.87291666677083,
                30.244583333753894
              ],
              [
                112.8554166664461,
                30.257916666221206
              ],
              [
                112.86708333302943,
                30.28208333367894
              ],
              [
                112.8570833332293,
                30.28791666652097
              ],
              [
                112.8537499996628,
                30.30708333362901
              ],
              [
                112.8187499999126,
                30.329583333404173
              ],
              [
                112.8212500000875,
                30.352083333179337
              ],
              [
                112.84875000021236,
                30.347083333728904
              ],
              [
                112.8604166667958,
                30.35708333352909
              ],
              [
                112.85125000038727,
                30.3745833329545
              ],
              [
                112.8554166664461,
                30.391249999887634
              ],
              [
                112.84124999968776,
                30.40541666664592
              ],
              [
                112.84291666647107,
                30.427916666421083
              ],
              [
                112.88208333317937,
                30.416249999837646
              ],
              [
                112.8995833335041,
                30.433750000162433
              ],
              [
                112.8912499995879,
                30.46958333330423
              ],
              [
                112.87458333355403,
                30.456249999937597
              ],
              [
                112.8595833334042,
                30.47125000008748
              ],
              [
                112.8612500001874,
                30.487916667020613
              ],
              [
                112.88208333317937,
                30.487083333629016
              ],
              [
                112.88041666639606,
                30.539583333703945
              ],
              [
                112.8920833329795,
                30.541249999587876
              ]
            ],
            [
              [
                113.02022605633803,
                30.19535281690141
              ],
              [
                113.01909642857143,
                30.19615969387755
              ],
              [
                113.0194,
                30.1957
              ],
              [
                113.02022605633803,
                30.19535281690141
              ]
            ],
            [
              [
                113.01013985976267,
                30.293021197410997
              ],
              [
                113.0094,
                30.2957
              ],
              [
                113.0053,
                30.3004
              ],
              [
                113.01013985976267,
                30.293021197410997
              ]
            ],
            [
              [
                112.96153412969282,
                30.48351962457338
              ],
              [
                112.9500517799353,
                30.488932732316215
              ],
              [
                112.9542,
                30.4859
              ],
              [
                112.96153412969282,
                30.48351962457338
              ]
            ]
          ],
          [
            [
              [
                113.51791666692066,
                30.359583333703938
              ],
              [
                113.51875000031237,
                30.360416667095535
              ],
              [
                113.51875000031237,
                30.359583333703938
              ],
              [
                113.51791666692066,
                30.359583333703938
              ]
            ]
          ],
          [
            [
              [
                112.87041666659593,
                30.492083333079393
              ],
              [
                112.87124999998753,
                30.492916666471046
              ],
              [
                112.87124999998753,
                30.492083333079393
              ],
              [
                112.87041666659593,
                30.492083333079393
              ]
            ]
          ]
        ]
      }
    },
    {
      "type": "Feature",
      "id": "PF_465708",
      "properties": {
        "id": "PF_465708",
        "pfafId": 465708,
        "downstream": "PF_465707",
        "areaKm2": 3851.53416,
        "source": "Pfafstetter level_6 AOI-clipped project-provided vector",
        "name": "咸宁·农业区4",
        "code": "PF_465708"
      },
      "geometry": {
        "type": "MultiPolygon",
        "coordinates": [
          [
            [
              [
                113.67041666679575,
                29.917916666720828
              ],
              [
                113.67624999963789,
                29.90958333370395
              ],
              [
                113.68708333372888,
                29.91875000011248
              ],
              [
                113.71791666652098,
                29.91291666637113
              ],
              [
                113.71874999991257,
                29.904583333354196
              ],
              [
                113.73541666684571,
                29.902916666570945
              ],
              [
                113.73625000023742,
                29.887083333029466
              ],
              [
                113.75458333305448,
                29.887083333029466
              ],
              [
                113.72458333365398,
                29.839583333304233
              ],
              [
                113.73625000023742,
                29.840416666695887
              ],
              [
                113.77708333372891,
                29.81124999978772
              ],
              [
                113.80125000028738,
                29.80958333300447
              ],
              [
                113.80125000028738,
                29.82458333315435
              ],
              [
                113.81791666632114,
                29.835416666346134
              ],
              [
                113.83875000021237,
                29.82041666709557
              ],
              [
                113.86041666659594,
                29.831250000287355
              ],
              [
                113.86458333355404,
                29.816250000137472
              ],
              [
                113.8904166668957,
                29.80958333300447
              ],
              [
                113.89458333295454,
                29.771249999687768
              ],
              [
                113.9645833333542,
                29.790416666795807
              ],
              [
                113.97541666654604,
                29.810416666396065
              ],
              [
                114.0054166668458,
                29.767916667020643
              ],
              [
                114.01625000003753,
                29.771249999687768
              ],
              [
                114.01208333307943,
                29.783749999662803
              ],
              [
                114.0462500003373,
                29.78624999983765
              ],
              [
                114.05625000013742,
                29.76291666667089
              ],
              [
                114.06708333332926,
                29.762083333279236
              ],
              [
                114.06208333297946,
                29.750416666695855
              ],
              [
                114.0412499999876,
                29.748749999912604
              ],
              [
                114.03458333375386,
                29.73624999993757
              ],
              [
                114.0445833335541,
                29.732916666371125
              ],
              [
                114.0462500003373,
                29.71874999961284
              ],
              [
                114.06208333297946,
                29.73208333297947
              ],
              [
                114.07291666707056,
                29.72875000031229
              ],
              [
                114.0837500002624,
                29.709583333204307
              ],
              [
                114.07791666652099,
                29.703750000362277
              ],
              [
                114.09541666684572,
                29.697083333229273
              ],
              [
                114.10541666664597,
                29.705416666246208
              ],
              [
                114.15875000011249,
                29.70874999981271
              ],
              [
                114.1579166667209,
                29.691250000387242
              ],
              [
                114.1187500000126,
                29.684583333254295
              ],
              [
                114.10958333360406,
                29.672916666670858
              ],
              [
                114.12125000018739,
                29.65458333295453
              ],
              [
                114.1579166667209,
                29.650416666895694
              ],
              [
                114.17958333310435,
                29.63208333317931
              ],
              [
                114.20208333377889,
                29.62958333300446
              ],
              [
                114.23708333352909,
                29.653749999562876
              ],
              [
                114.30208333357905,
                29.661250000087477
              ],
              [
                114.31375000016249,
                29.673750000062512
              ],
              [
                114.34624999973778,
                29.67041666649601
              ],
              [
                114.33708333332925,
                29.630416666396115
              ],
              [
                114.29125000038732,
                29.6062499998377
              ],
              [
                114.29875000001255,
                29.59708333342917
              ],
              [
                114.28791666682082,
                29.574583333654004
              ],
              [
                114.30291666697065,
                29.56208333367897
              ],
              [
                114.28541666664592,
                29.538749999612833
              ],
              [
                114.27708333362898,
                29.541249999787738
              ],
              [
                114.28708333342911,
                29.530416666595954
              ],
              [
                114.28374999986272,
                29.520416666795768
              ],
              [
                114.23875000031228,
                29.494583333454102
              ],
              [
                114.25374999956284,
                29.489583333104406
              ],
              [
                114.26708333292959,
                29.467083333329242
              ],
              [
                114.27708333362898,
                29.472916667070592
              ],
              [
                114.31625000033728,
                29.449583333004455
              ],
              [
                114.34624999973778,
                29.408750000412226
              ],
              [
                114.35041666669588,
                29.387916666520994
              ],
              [
                114.33208333297955,
                29.372083332979457
              ],
              [
                114.2878,
                29.3662
              ],
              [
                114.25125000028731,
                29.345416666246194
              ],
              [
                114.2574,
                29.3195
              ],
              [
                114.24541666654602,
                29.307083332929494
              ],
              [
                114.2434,
                29.2385
              ],
              [
                114.1505,
                29.2183
              ],
              [
                114.0611,
                29.2116
              ],
              [
                114.05374999996263,
                29.18795707961593
              ],
              [
                114.03,
                29.1711
              ],
              [
                114.02458333305447,
                29.153749999662807
              ],
              [
                114.0,
                29.1478
              ],
              [
                113.9679166669207,
                29.105416666545977
              ],
              [
                113.94958333320437,
                29.10291666637113
              ],
              [
                113.9401,
                29.0483
              ],
              [
                113.91041666649608,
                29.038613508741403
              ],
              [
                113.8716,
                29.0381
              ],
              [
                113.87625000013747,
                29.06624999983768
              ],
              [
                113.84041666699568,
                29.064529884830563
              ],
              [
                113.83124999968777,
                29.081954546692096
              ],
              [
                113.83708333342918,
                29.098750000312293
              ],
              [
                113.82875000041224,
                29.106249999937575
              ],
              [
                113.80208333367898,
                29.109583333504077
              ],
              [
                113.76458333375388,
                29.095416666745848
              ],
              [
                113.7342,
                29.0632
              ],
              [
                113.7195,
                29.1096
              ],
              [
                113.6811,
                29.0879
              ],
              [
                113.68625000033728,
                29.11458333295451
              ],
              [
                113.65708333342911,
                29.16458333375391
              ],
              [
                113.6905,
                29.2042
              ],
              [
                113.6911,
                29.2312
              ],
              [
                113.6805,
                29.2399
              ],
              [
                113.6421,
                29.237
              ],
              [
                113.631,
                29.2543
              ],
              [
                113.60041666639609,
                29.25958333320432
              ],
              [
                113.6257,
                29.3172
              ],
              [
                113.68124999998759,
                29.362083333179328
              ],
              [
                113.68291666677078,
                29.39198618679109
              ],
              [
                113.71791666652098,
                29.392083333479093
              ],
              [
                113.7286,
                29.401
              ],
              [
                113.7342,
                29.4308
              ],
              [
                113.74958333360405,
                29.443750000162424
              ],
              [
                113.73515859634384,
                29.46958333350409
              ],
              [
                113.74791666682074,
                29.482083333479125
              ],
              [
                113.74291666647105,
                29.497083333629007
              ],
              [
                113.76624999963781,
                29.51041666699564
              ],
              [
                113.76125000018737,
                29.521250000187422
              ],
              [
                113.77291666677081,
                29.52791666642105
              ],
              [
                113.77124999998762,
                29.538749999612833
              ],
              [
                113.8437499996628,
                29.55458333315437
              ],
              [
                113.82958333290458,
                29.600416666995613
              ],
              [
                113.80125000028738,
                29.592916666471012
              ],
              [
                113.81791666632114,
                29.6145833337539
              ],
              [
                113.81041666669591,
                29.646249999937595
              ],
              [
                113.81874999971274,
                29.673750000062512
              ],
              [
                113.80791666652101,
                29.68374999986264
              ],
              [
                113.81625000043721,
                29.688750000212394
              ],
              [
                113.8054166663461,
                29.711249999987558
              ],
              [
                113.79791666672088,
                29.693749999662828
              ],
              [
                113.774583333554,
                29.702083333579026
              ],
              [
                113.71458333295448,
                29.67791666702061
              ],
              [
                113.71458333295448,
                29.692083333778896
              ],
              [
                113.69875000031232,
                29.698750000012524
              ],
              [
                113.70374999976275,
                29.721249999787688
              ],
              [
                113.66458333305445,
                29.72041666639609
              ],
              [
                113.66291666627114,
                29.743749999562908
              ],
              [
                113.63625000043726,
                29.744583332954505
              ],
              [
                113.65291666647101,
                29.76708333362899
              ],
              [
                113.65291666647101,
                29.792916666970655
              ],
              [
                113.60791666692069,
                29.80958333300447
              ],
              [
                113.61708333332922,
                29.823749999762754
              ],
              [
                113.60791666692069,
                29.851249999887614
              ],
              [
                113.62958333330425,
                29.879583333404184
              ],
              [
                113.62624999973775,
                29.891249999987565
              ],
              [
                113.67041666679575,
                29.917916666720828
              ]
            ]
          ],
          [
            [
              [
                113.60791666692069,
                29.80874999961287
              ],
              [
                113.60708333352909,
                29.80958333300447
              ],
              [
                113.60791666692069,
                29.80958333300447
              ],
              [
                113.60791666692069,
                29.80874999961287
              ]
            ]
          ]
        ]
      }
    },
    {
      "type": "Feature",
      "id": "PF_465709",
      "properties": {
        "id": "PF_465709",
        "pfafId": 465709,
        "downstream": "PF_465707",
        "areaKm2": 468.428713,
        "source": "Pfafstetter level_6 AOI-clipped project-provided vector",
        "name": "咸宁·农业区3",
        "code": "PF_465709"
      },
      "geometry": {
        "type": "Polygon",
        "coordinates": [
          [
            [
              113.65875000021242,
              29.91291666637113
            ],
            [
              113.62624999973775,
              29.891249999987565
            ],
            [
              113.62958333330425,
              29.879583333404184
            ],
            [
              113.60791666692069,
              29.851249999887614
            ],
            [
              113.61708333332922,
              29.8270833333292
            ],
            [
              113.60791666692069,
              29.80958333300447
            ],
            [
              113.65291666647101,
              29.792916666970655
            ],
            [
              113.65291666647101,
              29.76708333362899
            ],
            [
              113.63541666704566,
              29.75125000008751
            ],
            [
              113.63791666632119,
              29.741250000287323
            ],
            [
              113.66291666627114,
              29.743749999562908
            ],
            [
              113.66458333305445,
              29.72041666639609
            ],
            [
              113.70374999976275,
              29.721249999787688
            ],
            [
              113.69875000031232,
              29.698750000012524
            ],
            [
              113.71458333295448,
              29.692083333778896
            ],
            [
              113.71458333295448,
              29.67791666702061
            ],
            [
              113.774583333554,
              29.702083333579026
            ],
            [
              113.79791666672088,
              29.693749999662828
            ],
            [
              113.80125000028738,
              29.712083333379155
            ],
            [
              113.8054166663461,
              29.711249999987558
            ],
            [
              113.81625000043721,
              29.688750000212394
            ],
            [
              113.80791666652101,
              29.68374999986264
            ],
            [
              113.81874999971274,
              29.673750000062512
            ],
            [
              113.81041666669591,
              29.646249999937595
            ],
            [
              113.81791666632114,
              29.6145833337539
            ],
            [
              113.80125000028738,
              29.592916666471012
            ],
            [
              113.82958333290458,
              29.600416666995613
            ],
            [
              113.8437499996628,
              29.55791666672087
            ],
            [
              113.84291666627121,
              29.54875000031234
            ],
            [
              113.77208333337921,
              29.539583333004487
            ],
            [
              113.77291666677081,
              29.52791666642105
            ],
            [
              113.76125000018737,
              29.521250000187422
            ],
            [
              113.76624999963781,
              29.51041666699564
            ],
            [
              113.74291666647105,
              29.497083333629007
            ],
            [
              113.74791666682074,
              29.482083333479125
            ],
            [
              113.73625000023742,
              29.46958333350409
            ],
            [
              113.6994,
              29.4886
            ],
            [
              113.6813,
              29.5123
            ],
            [
              113.6342,
              29.5114
            ],
            [
              113.6251,
              29.523
            ],
            [
              113.7017,
              29.5593
            ],
            [
              113.7063,
              29.5711
            ],
            [
              113.7337,
              29.5852
            ],
            [
              113.7152,
              29.6103
            ],
            [
              113.6982,
              29.6125
            ],
            [
              113.6973,
              29.6338
            ],
            [
              113.6637,
              29.6397
            ],
            [
              113.6695,
              29.649
            ],
            [
              113.6596,
              29.6818
            ],
            [
              113.6307,
              29.6693
            ],
            [
              113.5546,
              29.6733
            ],
            [
              113.5437,
              29.6824
            ],
            [
              113.5562,
              29.819
            ],
            [
              113.574,
              29.8341
            ],
            [
              113.5651,
              29.8493
            ],
            [
              113.6037,
              29.8698
            ],
            [
              113.6269,
              29.9035
            ],
            [
              113.65875000021242,
              29.91291666637113
            ]
          ],
          [
            [
              113.60791666692069,
              29.80958333300447
            ],
            [
              113.60708333352909,
              29.80874999961287
            ],
            [
              113.60791666692069,
              29.80874999961287
            ],
            [
              113.60791666692069,
              29.80958333300447
            ]
          ]
        ]
      }
    },
    {
      "type": "Feature",
      "id": "PF_465707",
      "properties": {
        "id": "PF_465707",
        "pfafId": 465707,
        "downstream": "PF_465705",
        "areaKm2": 403.866269,
        "source": "Pfafstetter level_6 AOI-clipped project-provided vector",
        "name": "咸宁·农业区1",
        "code": "PF_465707"
      },
      "geometry": {
        "type": "MultiPolygon",
        "coordinates": [
          [
            [
              [
                113.94874999981266,
                29.929583333304265
              ],
              [
                113.94791666642107,
                29.930416666695862
              ],
              [
                113.94874999981266,
                29.930416666695862
              ],
              [
                113.94874999981266,
                29.929583333304265
              ]
            ]
          ],
          [
            [
              [
                113.94375000036234,
                30.215416666845726
              ],
              [
                113.97708333332923,
                30.215416666845726
              ],
              [
                113.98374999956286,
                30.203750000262346
              ],
              [
                114.03291666697066,
                30.18541666654596
              ],
              [
                114.04958333300442,
                30.16458333355405
              ],
              [
                114.07041666689577,
                30.182916666371113
              ],
              [
                114.07208333367896,
                30.16791666622123
              ],
              [
                114.0812500000875,
                30.17208333317933
              ],
              [
                114.09708333362903,
                30.165416666945703
              ],
              [
                114.12125000018739,
                30.13374999986263
              ],
              [
                114.09708333362903,
                30.112916666870717
              ],
              [
                114.09708333362903,
                30.092083332979485
              ],
              [
                114.07125000028736,
                30.06791666642107
              ],
              [
                114.06624999993755,
                30.043749999862655
              ],
              [
                113.97791666672083,
                30.02125000008749
              ],
              [
                113.93125000038731,
                29.995416666745825
              ],
              [
                113.9304166669956,
                29.932083333479113
              ],
              [
                113.94958333320437,
                29.92291666707058
              ],
              [
                113.9212499996878,
                29.910416667095546
              ],
              [
                113.8879166667208,
                29.840416666695887
              ],
              [
                113.86708333372894,
                29.840416666695887
              ],
              [
                113.83958333360397,
                29.82041666709557
              ],
              [
                113.81791666632114,
                29.835416666346134
              ],
              [
                113.80125000028738,
                29.82458333315435
              ],
              [
                113.80125000028738,
                29.80958333300447
              ],
              [
                113.77708333372891,
                29.81124999978772
              ],
              [
                113.73625000023742,
                29.840416666695887
              ],
              [
                113.72458333365398,
                29.839583333304233
              ],
              [
                113.75458333305448,
                29.887083333029466
              ],
              [
                113.73625000023742,
                29.887083333029466
              ],
              [
                113.73541666684571,
                29.902916666570945
              ],
              [
                113.71874999991257,
                29.904583333354196
              ],
              [
                113.71791666652098,
                29.91291666637113
              ],
              [
                113.68708333372888,
                29.91875000011248
              ],
              [
                113.67624999963789,
                29.90958333370395
              ],
              [
                113.66958333340415,
                29.918576458359006
              ],
              [
                113.6942,
                29.9275
              ],
              [
                113.7368,
                29.9209
              ],
              [
                113.8065,
                29.9263
              ],
              [
                113.8886,
                30.0217
              ],
              [
                114.0835,
                30.0996
              ],
              [
                114.0809,
                30.1262
              ],
              [
                114.0287,
                30.1508
              ],
              [
                113.9728,
                30.2016
              ],
              [
                113.9418,
                30.2051
              ],
              [
                113.8827,
                30.1818
              ],
              [
                113.8671,
                30.1878
              ],
              [
                113.8623,
                30.202
              ],
              [
                113.87791666692067,
                30.197916666520996
              ],
              [
                113.89708333312933,
                30.211249999887627
              ],
              [
                113.91291666667087,
                30.20291666687075
              ],
              [
                113.94375000036234,
                30.215416666845726
              ]
            ],
            [
              [
                114.07374999956289,
                30.16791666622123
              ],
              [
                114.07458333295449,
                30.167083333728897
              ],
              [
                114.07458333295449,
                30.16791666622123
              ],
              [
                114.07374999956289,
                30.16791666622123
              ]
            ]
          ],
          [
            [
              [
                113.84958333340421,
                30.204637847229606
              ],
              [
                113.852083333579,
                30.20708333292953
              ],
              [
                113.85706000363774,
                30.205416667045597
              ],
              [
                113.84958333340421,
                30.204637847229606
              ]
            ]
          ]
        ]
      }
    },
    {
      "type": "Feature",
      "id": "PF_465705",
      "properties": {
        "id": "PF_465705",
        "pfafId": 465705,
        "downstream": "PF_465703",
        "areaKm2": 246.934678,
        "source": "Pfafstetter level_6 AOI-clipped project-provided vector",
        "name": "咸宁·城区",
        "code": "PF_465705"
      },
      "geometry": {
        "type": "Polygon",
        "coordinates": [
          [
            [
              114.1154166664461,
              30.363749999762717
            ],
            [
              114.12041666679579,
              30.351249999787683
            ],
            [
              114.10875000021235,
              30.327916666620922
            ],
            [
              114.11791666662089,
              30.317916666820793
            ],
            [
              114.10041666629616,
              30.307916667020606
            ],
            [
              114.10875000021235,
              30.296250000437226
            ],
            [
              114.09625000023743,
              30.282916667070594
            ],
            [
              114.09208333327922,
              30.253750000162427
            ],
            [
              114.06958333350406,
              30.228750000212415
            ],
            [
              114.06958333350406,
              30.18541666654596
            ],
            [
              114.05625000013742,
              30.1662500003373
            ],
            [
              114.03291666697066,
              30.18541666654596
            ],
            [
              113.98374999956286,
              30.203750000262346
            ],
            [
              113.97708333332923,
              30.215416666845726
            ],
            [
              113.94125000018744,
              30.217083333628977
            ],
            [
              113.91291666667087,
              30.20291666687075
            ],
            [
              113.89708333312933,
              30.211249999887627
            ],
            [
              113.87791666692067,
              30.197916666520996
            ],
            [
              113.85791666642103,
              30.20550590275219
            ],
            [
              113.87541666674588,
              30.262083333179362
            ],
            [
              113.90125000008754,
              30.297083332929503
            ],
            [
              113.92374999986271,
              30.302916666670853
            ],
            [
              113.9220833330794,
              30.31291666647104
            ],
            [
              113.93624999983763,
              30.31875000021239
            ],
            [
              113.94541666624616,
              30.30875000041226
            ],
            [
              113.99208333347917,
              30.30541666684576
            ],
            [
              114.0037500000625,
              30.289583333304222
            ],
            [
              114.0420833333792,
              30.304583333454104
            ],
            [
              114.06958333350406,
              30.302083333279256
            ],
            [
              114.09208333327922,
              30.33208333357902
            ],
            [
              114.09375000006253,
              30.34958333300449
            ],
            [
              114.1154166664461,
              30.363749999762717
            ]
          ],
          [
            [
              113.8628,
              30.2132
            ],
            [
              113.86709101123596,
              30.22035168539326
            ],
            [
              113.8664,
              30.2197
            ],
            [
              113.8628,
              30.2132
            ]
          ],
          [
            [
              114.00822573099414,
              30.2676538011696
            ],
            [
              114.0137,
              30.2607
            ],
            [
              114.0091,
              30.267
            ],
            [
              114.00822573099414,
              30.2676538011696
            ]
          ]
        ]
      }
    },
    {
      "type": "Feature",
      "id": "PF_465703",
      "properties": {
        "id": "PF_465703",
        "pfafId": 465703,
        "downstream": "PF_465701",
        "areaKm2": 55.219957,
        "source": "Pfafstetter level_6 AOI-clipped project-provided vector",
        "name": "武汉·城区7",
        "code": "PF_465703"
      },
      "geometry": {
        "type": "Polygon",
        "coordinates": [
          [
            [
              114.19208333307938,
              30.45374999976275
            ],
            [
              114.20374999966282,
              30.442916666570966
            ],
            [
              114.19541666664588,
              30.43041666659593
            ],
            [
              114.20708333322932,
              30.41541666644605
            ],
            [
              114.19208333307938,
              30.413749999662798
            ],
            [
              114.18208333327925,
              30.392916666670885
            ],
            [
              114.19124999968778,
              30.390416666496037
            ],
            [
              114.19958333360398,
              30.363749999762717
            ],
            [
              114.21291666697061,
              30.359583333703938
            ],
            [
              114.19625000003748,
              30.341249999987554
            ],
            [
              114.18458333345416,
              30.34958333300449
            ],
            [
              114.12624999963782,
              30.344583333554056
            ],
            [
              114.1154166664461,
              30.37291666707057
            ],
            [
              114.13625000033733,
              30.377916666521003
            ],
            [
              114.15541666654599,
              30.416249999837646
            ],
            [
              114.19208333307938,
              30.45374999976275
            ]
          ]
        ]
      }
    },
    {
      "type": "Feature",
      "id": "PF_465701",
      "properties": {
        "id": "PF_465701",
        "pfafId": 465701,
        "downstream": "PF_465500",
        "areaKm2": 781.073633,
        "source": "Pfafstetter level_6 AOI-clipped project-provided vector",
        "name": "武汉·城区5",
        "code": "PF_465701"
      },
      "geometry": {
        "type": "MultiPolygon",
        "coordinates": [
          [
            [
              [
                114.19541666664588,
                30.450416667095567
              ],
              [
                114.19625000003748,
                30.451249999587844
              ],
              [
                114.19625000003748,
                30.450416667095567
              ],
              [
                114.19541666664588,
                30.450416667095567
              ]
            ]
          ],
          [
            [
              [
                114.19458333325429,
                30.452083332979498
              ],
              [
                114.19541666664588,
                30.451249999587844
              ],
              [
                114.19458333325429,
                30.451249999587844
              ],
              [
                114.19458333325429,
                30.452083332979498
              ]
            ]
          ],
          [
            [
              [
                114.19374999986269,
                30.452916666371095
              ],
              [
                114.19458333325429,
                30.452083332979498
              ],
              [
                114.19374999986269,
                30.452083332979498
              ],
              [
                114.19374999986269,
                30.452916666371095
              ]
            ]
          ],
          [
            [
              [
                114.19291666647109,
                30.45374999976275
              ],
              [
                114.19374999986269,
                30.452916666371095
              ],
              [
                114.19291666647109,
                30.452916666371095
              ],
              [
                114.19291666647109,
                30.45374999976275
              ]
            ]
          ],
          [
            [
              [
                114.19208333307938,
                30.454583333154346
              ],
              [
                114.19291666647109,
                30.45374999976275
              ],
              [
                114.19208333307938,
                30.45374999976275
              ],
              [
                114.19208333307938,
                30.454583333154346
              ]
            ]
          ],
          [
            [
              [
                114.19124999968778,
                30.455416666546
              ],
              [
                114.19208333307938,
                30.454583333154346
              ],
              [
                114.19124999968778,
                30.454583333154346
              ],
              [
                114.19124999968778,
                30.455416666546
              ]
            ]
          ],
          [
            [
              [
                113.99041666669586,
                30.592083333778874
              ],
              [
                114.00124999988759,
                30.584583333254272
              ],
              [
                114.01708333342913,
                30.58875000021237
              ],
              [
                114.01958333360403,
                30.57958333290452
              ],
              [
                114.04958333300442,
                30.56958333310439
              ],
              [
                114.06624999993755,
                30.57375000006249
              ],
              [
                114.08958333310443,
                30.548750000112477
              ],
              [
                114.11208333377886,
                30.55958333330426
              ],
              [
                114.15291666637108,
                30.55624999973776
              ],
              [
                114.16708333312943,
                30.577916667020645
              ],
              [
                114.21791666642105,
                30.568749999712793
              ],
              [
                114.25791666652106,
                30.549583333504074
              ],
              [
                114.29291666627114,
                30.56375000026236
              ],
              [
                114.30375000036224,
                30.545416666545975
              ],
              [
                114.33708333332925,
                30.536250000137443
              ],
              [
                114.34125000028735,
                30.52375000016241
              ],
              [
                114.39375000036227,
                30.504583333054427
              ],
              [
                114.4070833337289,
                30.512916666970682
              ],
              [
                114.42208333297947,
                30.494583333254297
              ],
              [
                114.45875000041224,
                30.494583333254297
              ],
              [
                114.45291666667094,
                30.46958333330423
              ],
              [
                114.46208333307936,
                30.45374999976275
              ],
              [
                114.44708333292954,
                30.42541666624618
              ],
              [
                114.45375000006254,
                30.407916666820768
              ],
              [
                114.4429166668707,
                30.394583333454136
              ],
              [
                114.42124999958787,
                30.391249999887634
              ],
              [
                114.41458333335424,
                30.3437500001624
              ],
              [
                114.40124999998761,
                30.340416666595956
              ],
              [
                114.38708333322927,
                30.319583333603987
              ],
              [
                114.31625000033728,
                30.327916666620922
              ],
              [
                114.28791666682082,
                30.33791666642105
              ],
              [
                114.28208333307941,
                30.352916666570934
              ],
              [
                114.21791666642105,
                30.350416666396086
              ],
              [
                114.18208333327925,
                30.392916666670885
              ],
              [
                114.19208333307938,
                30.413749999662798
              ],
              [
                114.20708333322932,
                30.41541666644605
              ],
              [
                114.19541666664588,
                30.43041666659593
              ],
              [
                114.20374999966282,
                30.442916666570966
              ],
              [
                114.19291666647109,
                30.4629166670706
              ],
              [
                114.16958333330422,
                30.46874999991263
              ],
              [
                114.16291666707059,
                30.489583332904544
              ],
              [
                114.11291666627119,
                30.460416666895696
              ],
              [
                114.07374999956289,
                30.45791666672085
              ],
              [
                114.0429166667708,
                30.442916666570966
              ],
              [
                114.01958333360403,
                30.46374999956288
              ],
              [
                113.99291666687077,
                30.45374999976275
              ],
              [
                113.98624999973777,
                30.46374999956288
              ],
              [
                113.97374999976273,
                30.4595833335041
              ],
              [
                113.97124999958783,
                30.47458333365398
              ],
              [
                113.95708333372897,
                30.485416666845765
              ],
              [
                113.9687500003123,
                30.508750000012526
              ],
              [
                113.9679166669207,
                30.536250000137443
              ],
              [
                113.97708333332923,
                30.540416667095542
              ],
              [
                113.95041666659597,
                30.572916666670892
              ],
              [
                113.9620833331793,
                30.585416666645926
              ],
              [
                113.99041666669586,
                30.592083333778874
              ]
            ],
            [
              [
                114.17708333292956,
                30.57124999988764
              ],
              [
                114.17625000043722,
                30.570416666495987
              ],
              [
                114.17708333292956,
                30.570416666495987
              ],
              [
                114.17708333292956,
                30.57124999988764
              ]
            ]
          ]
        ]
      }
    },
    {
      "type": "Feature",
      "id": "PF_465500",
      "properties": {
        "id": "PF_465500",
        "pfafId": 465500,
        "downstream": "PF_465309",
        "areaKm2": 217.09376,
        "source": "Pfafstetter level_6 AOI-clipped project-provided vector",
        "name": "武汉·城区3",
        "code": "PF_465500"
      },
      "geometry": {
        "type": "Polygon",
        "coordinates": [
          [
            [
              114.35041666669588,
              30.65625000043724
            ],
            [
              114.37124999968785,
              30.628750000312323
            ],
            [
              114.39125000018737,
              30.634583333154353
            ],
            [
              114.40958333300443,
              30.655416667045586
            ],
            [
              114.4429166668707,
              30.632083332979505
            ],
            [
              114.43291666707057,
              30.56541666704561
            ],
            [
              114.45708333362904,
              30.55624999973776
            ],
            [
              114.45291666667094,
              30.539583333703945
            ],
            [
              114.46958333360408,
              30.52291666677081
            ],
            [
              114.49791666622127,
              30.522083333379157
            ],
            [
              114.48874999981274,
              30.485416666845765
            ],
            [
              114.46791666682077,
              30.480416666496012
            ],
            [
              114.45458333345414,
              30.48458333345411
            ],
            [
              114.45708333362904,
              30.495416666645895
            ],
            [
              114.41041666639615,
              30.499583333603994
            ],
            [
              114.4070833337289,
              30.512916666970682
            ],
            [
              114.39375000036227,
              30.504583333054427
            ],
            [
              114.34125000028735,
              30.52375000016241
            ],
            [
              114.33708333332925,
              30.536250000137443
            ],
            [
              114.30708333302948,
              30.542916666371127
            ],
            [
              114.27875000041229,
              30.574583333454143
            ],
            [
              114.27958333290451,
              30.58875000021237
            ],
            [
              114.30708333302948,
              30.608749999812687
            ],
            [
              114.30125000018745,
              30.618749999612817
            ],
            [
              114.32291666657102,
              30.642916667070608
            ],
            [
              114.35041666669588,
              30.65625000043724
            ]
          ]
        ]
      }
    },
    {
      "type": "Feature",
      "id": "PF_465309",
      "properties": {
        "id": "PF_465309",
        "pfafId": 465309,
        "downstream": "PF_465307",
        "areaKm2": 38.63433,
        "source": "Pfafstetter level_6 AOI-clipped project-provided vector",
        "name": "武汉·城区2",
        "code": "PF_465309"
      },
      "geometry": {
        "type": "Polygon",
        "coordinates": [
          [
            [
              114.41958333370394,
              30.679583333604
            ],
            [
              114.49041666659593,
              30.686249999837685
            ],
            [
              114.48958333320434,
              30.672916666471053
            ],
            [
              114.4812500001874,
              30.6754166666459
            ],
            [
              114.47958333340421,
              30.66375000006252
            ],
            [
              114.44791666632113,
              30.662916666670867
            ],
            [
              114.4387499999126,
              30.63124999958785
            ],
            [
              114.41541666674584,
              30.655416667045586
            ],
            [
              114.37374999986264,
              30.628750000312323
            ],
            [
              114.36041666649601,
              30.64874999991264
            ],
            [
              114.38208333377884,
              30.672916666471053
            ],
            [
              114.39125000018737,
              30.66375000006252
            ],
            [
              114.41958333370394,
              30.679583333604
            ]
          ]
        ]
      }
    },
    {
      "type": "Feature",
      "id": "PF_465307",
      "properties": {
        "id": "PF_465307",
        "pfafId": 465307,
        "downstream": "PF_465305",
        "areaKm2": 2387.64014,
        "source": "Pfafstetter level_6 AOI-clipped project-provided vector",
        "name": "黄冈·城区1",
        "code": "PF_465307"
      },
      "geometry": {
        "type": "MultiPolygon",
        "coordinates": [
          [
            [
              [
                114.8458,
                31.4773
              ],
              [
                114.85041666659595,
                31.47625000023737
              ],
              [
                114.84541666624625,
                31.47458333345412
              ],
              [
                114.8458,
                31.4773
              ]
            ]
          ],
          [
            [
              [
                114.84387713174722,
                31.47124999988762
              ],
              [
                114.84458333375392,
                31.473471952542816
              ],
              [
                114.84458333375392,
                31.47124999988762
              ],
              [
                114.84387713174722,
                31.47124999988762
              ]
            ]
          ],
          [
            [
              [
                114.8433474159479,
                31.469583333104367
              ],
              [
                114.84375000036232,
                31.470850001139983
              ],
              [
                114.84375000036232,
                31.469583333104367
              ],
              [
                114.8433474159479,
                31.469583333104367
              ]
            ]
          ],
          [
            [
              [
                114.83612283985705,
                31.462083333479086
              ],
              [
                114.83624999983772,
                31.462136153778744
              ],
              [
                114.83624999983772,
                31.462083333479086
              ],
              [
                114.83612283985705,
                31.462083333479086
              ]
            ]
          ],
          [
            [
              [
                114.83458333305441,
                31.46125000008749
              ],
              [
                114.82124999968778,
                31.45708333312939
              ],
              [
                114.81291666667084,
                31.439583333703922
              ],
              [
                114.82041666629618,
                31.407916666620906
              ],
              [
                114.81291666667084,
                31.382916666670894
              ],
              [
                114.79958333330421,
                31.36041666689573
              ],
              [
                114.77041666639605,
                31.342916666570943
              ],
              [
                114.77541666674585,
                31.290416666496014
              ],
              [
                114.75458333375389,
                31.287916666321166
              ],
              [
                114.71791666632112,
                31.245416666945687
              ],
              [
                114.69958333350405,
                31.24874999961287
              ],
              [
                114.66791666642109,
                31.20625000023739
              ],
              [
                114.68041666639613,
                31.17958333350407
              ],
              [
                114.67708333372889,
                31.160416666396088
              ],
              [
                114.69374999976276,
                31.152916666770807
              ],
              [
                114.67874999961282,
                31.118750000412263
              ],
              [
                114.68875000031233,
                31.114583333454107
              ],
              [
                114.69041666709552,
                31.08124999958784
              ],
              [
                114.71541666704559,
                31.05791666642108
              ],
              [
                114.70541666634608,
                31.02708333362898
              ],
              [
                114.72791666702062,
                30.992083332979462
              ],
              [
                114.71541666704559,
                30.947916666820788
              ],
              [
                114.72291666667093,
                30.919583333304217
              ],
              [
                114.71458333365399,
                30.912083333678936
              ],
              [
                114.74458333305449,
                30.86458333305444
              ],
              [
                114.76124999998763,
                30.87291666697064
              ],
              [
                114.77208333317935,
                30.86708333322929
              ],
              [
                114.76291666677082,
                30.849583332904558
              ],
              [
                114.77958333370395,
                30.787916666421097
              ],
              [
                114.77208333317935,
                30.765416666645876
              ],
              [
                114.78374999976279,
                30.76208333307943
              ],
              [
                114.77541666674585,
                30.734583332954514
              ],
              [
                114.79208333367899,
                30.692083333579035
              ],
              [
                114.78624999993758,
                30.68374999966278
              ],
              [
                114.80458333365402,
                30.659583333104365
              ],
              [
                114.82625000003759,
                30.662916666670867
              ],
              [
                114.83875000001251,
                30.641250000287357
              ],
              [
                114.80625000043722,
                30.634583333154353
              ],
              [
                114.80708333292955,
                30.61625000033729
              ],
              [
                114.79208333367899,
                30.597916666620904
              ],
              [
                114.75874999981272,
                30.604583333753908
              ],
              [
                114.76041666659592,
                30.589583333604025
              ],
              [
                114.73208333307946,
                30.55958333330426
              ],
              [
                114.7129166668708,
                30.562916666870706
              ],
              [
                114.70208333367896,
                30.543749999762724
              ],
              [
                114.68958333370392,
                30.555416666346105
              ],
              [
                114.66541666624619,
                30.545416666545975
              ],
              [
                114.6354166668458,
                30.549583333504074
              ],
              [
                114.6312499998877,
                30.535416666745846
              ],
              [
                114.5970833335291,
                30.542083332979473
              ],
              [
                114.5962500001375,
                30.52124999998756
              ],
              [
                114.5620833337789,
                30.50958333340418
              ],
              [
                114.50041666639606,
                30.510416666795777
              ],
              [
                114.48958333320434,
                30.527916666221245
              ],
              [
                114.46958333360408,
                30.52291666677081
              ],
              [
                114.45291666667094,
                30.539583333703945
              ],
              [
                114.45708333362904,
                30.55624999973776
              ],
              [
                114.43291666707057,
                30.56541666704561
              ],
              [
                114.44791666632113,
                30.662916666670867
              ],
              [
                114.47958333340421,
                30.66375000006252
              ],
              [
                114.49625000033734,
                30.697916666421065
              ],
              [
                114.52874999991263,
                30.690416666795784
              ],
              [
                114.52958333330423,
                30.707916666221195
              ],
              [
                114.5495833329046,
                30.722916666371134
              ],
              [
                114.59124999978769,
                30.71958333370395
              ],
              [
                114.59541666674579,
                30.73374999956286
              ],
              [
                114.58791666622119,
                30.744583333653964
              ],
              [
                114.599583333704,
                30.750416666495994
              ],
              [
                114.61541666634616,
                30.78375000036226
              ],
              [
                114.60958333350413,
                30.797083333728892
              ],
              [
                114.61125000028733,
                30.81291666637111
              ],
              [
                114.62041666669586,
                30.815416666545957
              ],
              [
                114.61208333367892,
                30.85708333342916
              ],
              [
                114.61874999991267,
                30.87291666697064
              ],
              [
                114.60791666672083,
                30.877916666421072
              ],
              [
                114.5970833335291,
                30.90875000011249
              ],
              [
                114.60958333350413,
                30.931249999887655
              ],
              [
                114.5987500003123,
                30.9654166662462
              ],
              [
                114.56374999966283,
                30.95541666644607
              ],
              [
                114.54708333362896,
                30.967916666421047
              ],
              [
                114.54124999988767,
                30.994583333154367
              ],
              [
                114.5204166668957,
                30.996249999937618
              ],
              [
                114.5137499997627,
                31.012083333479097
              ],
              [
                114.49874999961287,
                31.01708333292953
              ],
              [
                114.50041666639606,
                31.048750000012546
              ],
              [
                114.52874999991263,
                31.06124999998758
              ],
              [
                114.52874999991263,
                31.120416666296137
              ],
              [
                114.515416666546,
                31.13875000001252
              ],
              [
                114.52624999973773,
                31.158749999612837
              ],
              [
                114.49958333300447,
                31.187916666521005
              ],
              [
                114.46875000021237,
                31.196250000437203
              ],
              [
                114.44708333292954,
                31.252083333179314
              ],
              [
                114.46458333325427,
                31.252083333179314
              ],
              [
                114.47541666644611,
                31.271250000287353
              ],
              [
                114.48958333320434,
                31.27208333367895
              ],
              [
                114.49791666622127,
                31.302083333079395
              ],
              [
                114.48791666642103,
                31.313749999662832
              ],
              [
                114.50124999978777,
                31.31791666662093
              ],
              [
                114.50041666639606,
                31.334583333554065
              ],
              [
                114.51791666672091,
                31.348750000312293
              ],
              [
                114.51791666672091,
                31.391249999687773
              ],
              [
                114.53708333292957,
                31.421249999987538
              ],
              [
                114.54875000041227,
                31.417916666421092
              ],
              [
                114.57041666679584,
                31.437083333529074
              ],
              [
                114.57541666624616,
                31.5
              ],
              [
                114.77535212765957,
                31.5
              ],
              [
                114.7847,
                31.4831
              ],
              [
                114.83458333305441,
                31.46125000008749
              ]
            ],
            [
              [
                114.69541666654595,
                31.07374999996256
              ],
              [
                114.69458333315436,
                31.07291666657096
              ],
              [
                114.69541666654595,
                31.07291666657096
              ],
              [
                114.69541666654595,
                31.07374999996256
              ]
            ],
            [
              [
                114.5979166669207,
                30.966249999637796
              ],
              [
                114.5987500003123,
                30.96708333302945
              ],
              [
                114.5979166669207,
                30.96708333302945
              ],
              [
                114.5979166669207,
                30.966249999637796
              ]
            ]
          ]
        ]
      }
    },
    {
      "type": "Feature",
      "id": "PF_465305",
      "properties": {
        "id": "PF_465305",
        "pfafId": 465305,
        "downstream": "PF_465303",
        "areaKm2": 369.207042,
        "source": "Pfafstetter level_6 AOI-clipped project-provided vector",
        "name": "黄冈·城区2",
        "code": "PF_465305"
      },
      "geometry": {
        "type": "Polygon",
        "coordinates": [
          [
            [
              114.97708333312937,
              30.759583332904526
            ],
            [
              115.00041666629613,
              30.755416666845747
            ],
            [
              115.00291666647104,
              30.72791666672083
            ],
            [
              114.98041666669587,
              30.718750000312298
            ],
            [
              114.9554166667458,
              30.687916666620936
            ],
            [
              114.97541666634618,
              30.667083333629023
            ],
            [
              114.96875000011244,
              30.647916666520985
            ],
            [
              114.94958333300451,
              30.647083333129387
            ],
            [
              114.93708333302948,
              30.63541666654595
            ],
            [
              114.92875000001254,
              30.643749999562885
            ],
            [
              114.90375000006247,
              30.592916666271208
            ],
            [
              114.90791666702057,
              30.567083332929542
            ],
            [
              114.88041666689571,
              30.52958333300444
            ],
            [
              114.86541666674589,
              30.4595833335041
            ],
            [
              114.87624999993761,
              30.437916666221213
            ],
            [
              114.85458333355405,
              30.419583333404148
            ],
            [
              114.83708333322932,
              30.422083333579053
            ],
            [
              114.81958333290459,
              30.43458333355403
            ],
            [
              114.81124999988765,
              30.46708333312938
            ],
            [
              114.80125000008752,
              30.467916666520978
            ],
            [
              114.80291666687071,
              30.488750000412267
            ],
            [
              114.81875000041225,
              30.493749999862644
            ],
            [
              114.82458333325428,
              30.52874999961284
            ],
            [
              114.78624999993758,
              30.543749999762724
            ],
            [
              114.74624999983769,
              30.537083333529097
            ],
            [
              114.73374999986265,
              30.566250000437208
            ],
            [
              114.76041666659592,
              30.589583333604025
            ],
            [
              114.76541666694573,
              30.607083333029436
            ],
            [
              114.79208333367899,
              30.597916666620904
            ],
            [
              114.80708333292955,
              30.618749999612817
            ],
            [
              114.84624999963785,
              30.62541666674582
            ],
            [
              114.87374999976271,
              30.61041666659594
            ],
            [
              114.88041666689571,
              30.61958333300447
            ],
            [
              114.81958333290459,
              30.692083333579035
            ],
            [
              114.81124999988765,
              30.691250000187438
            ],
            [
              114.80125000008752,
              30.72208333297948
            ],
            [
              114.83958333340422,
              30.737083333129362
            ],
            [
              114.92458333305444,
              30.728750000112484
            ],
            [
              114.93708333302948,
              30.744583333653964
            ],
            [
              114.97708333312937,
              30.759583332904526
            ]
          ]
        ]
      }
    },
    {
      "type": "Feature",
      "id": "PF_465303",
      "properties": {
        "id": "PF_465303",
        "pfafId": 465303,
        "downstream": "PF_465301",
        "areaKm2": 79.883232,
        "source": "Pfafstetter level_6 AOI-clipped project-provided vector",
        "name": "鄂州·城区",
        "code": "PF_465303"
      },
      "geometry": {
        "type": "MultiPolygon",
        "coordinates": [
          [
            [
              [
                114.87791666672081,
                30.437083333728935
              ],
              [
                114.89708333292958,
                30.420416666795802
              ],
              [
                115.01624999983767,
                30.417916666620897
              ],
              [
                115.01958333340417,
                30.398750000412235
              ],
              [
                115.00291666647104,
                30.390416666496037
              ],
              [
                114.98458333365397,
                30.395416666845733
              ],
              [
                114.97874999991268,
                30.3862500004372
              ],
              [
                114.94124999998758,
                30.397083333628984
              ],
              [
                114.91041666629621,
                30.373749999562904
              ],
              [
                114.90791666702057,
                30.341249999987554
              ],
              [
                114.89708333292958,
                30.347083333728904
              ],
              [
                114.86041666639608,
                30.33791666642105
              ],
              [
                114.85291666677085,
                30.37125000028732
              ],
              [
                114.86541666674589,
                30.407916666820768
              ],
              [
                114.85041666659595,
                30.412083333778867
              ],
              [
                114.87791666672081,
                30.437083333728935
              ]
            ]
          ],
          [
            [
              [
                114.85625000033735,
                30.419583333404148
              ],
              [
                114.85541666694564,
                30.420416666795802
              ],
              [
                114.85625000033735,
                30.420416666795802
              ],
              [
                114.85625000033735,
                30.419583333404148
              ]
            ]
          ]
        ]
      }
    },
    {
      "type": "Feature",
      "id": "PF_465301",
      "properties": {
        "id": "PF_465301",
        "pfafId": 465301,
        "downstream": "PF_465100",
        "areaKm2": 7597.524797,
        "source": "Pfafstetter level_6 AOI-clipped project-provided vector",
        "name": "黄冈·城区3",
        "code": "PF_465301"
      },
      "geometry": {
        "type": "Polygon",
        "coordinates": [
          [
            [
              115.88625000043726,
              31.106250000437228
            ],
            [
              115.93455061735484,
              31.07291666657096
            ],
            [
              115.93791666622121,
              31.04041666699561
            ],
            [
              115.99958333360405,
              31.036250000037512
            ],
            [
              116.0,
              30.94921159090909
            ],
            [
              115.9599,
              30.9276
            ],
            [
              115.9186,
              30.8893
            ],
            [
              115.88541666704566,
              30.882916666770825
            ],
            [
              115.859583333704,
              30.86624999983769
            ],
            [
              115.837,
              30.8367
            ],
            [
              115.8562,
              30.8112
            ],
            [
              115.85124999978768,
              30.787083333029443
            ],
            [
              115.8619,
              30.7774
            ],
            [
              115.8174,
              30.7542
            ],
            [
              115.79874999971275,
              30.76208333307943
            ],
            [
              115.7755,
              30.7571
            ],
            [
              115.755,
              30.6868
            ],
            [
              115.80313224027852,
              30.642083333678954
            ],
            [
              115.8068,
              30.598
            ],
            [
              115.81791666682079,
              30.597916666620904
            ],
            [
              115.82374999966282,
              30.608749999812687
            ],
            [
              115.87041666689572,
              30.585416666645926
            ],
            [
              115.88291666687076,
              30.547083333329226
            ],
            [
              115.87541666634615,
              30.520416666595963
            ],
            [
              115.89364320291946,
              30.494583333254297
            ],
            [
              115.87125000028732,
              30.46708333312938
            ],
            [
              115.88874999971279,
              30.464583332954476
            ],
            [
              115.91541666644605,
              30.431249999987585
            ],
            [
              115.9391,
              30.4273
            ],
            [
              115.91791666662095,
              30.420416666795802
            ],
            [
              115.87958333330425,
              30.383750000262353
            ],
            [
              115.9115,
              30.3378
            ],
            [
              115.8978,
              30.3164
            ],
            [
              115.92041666679575,
              30.304583333454104
            ],
            [
              115.91875000001255,
              30.294583333653975
            ],
            [
              115.83041666679583,
              30.26458333335421
            ],
            [
              115.83375000036233,
              30.243750000362297
            ],
            [
              115.82374999966282,
              30.227083333429164
            ],
            [
              115.80541666684576,
              30.227083333429164
            ],
            [
              115.7812500002874,
              30.1970833331294
            ],
            [
              115.76374999996256,
              30.199583333304247
            ],
            [
              115.697916666521,
              30.178750000312334
            ],
            [
              115.65291666697067,
              30.195416666346148
            ],
            [
              115.60791666652096,
              30.196249999737745
            ],
            [
              115.60125000028734,
              30.17041666639608
            ],
            [
              115.61041666669587,
              30.165416666945703
            ],
            [
              115.59208333297954,
              30.16458333355405
            ],
            [
              115.57458333355407,
              30.146249999837664
            ],
            [
              115.55875000001254,
              30.143749999662816
            ],
            [
              115.56874999981267,
              30.11625000043722
            ],
            [
              115.56458333375394,
              30.097916666720835
            ],
            [
              115.53041666649597,
              30.042083333079404
            ],
            [
              115.48791666622128,
              30.047916666820754
            ],
            [
              115.48791666622128,
              30.01958333330424
            ],
            [
              115.46374999966281,
              30.00208333297951
            ],
            [
              115.49208333317938,
              29.983750000162445
            ],
            [
              115.49208333317938,
              29.964583333054406
            ],
            [
              115.47125000018741,
              29.950416666296178
            ],
            [
              115.45541666664587,
              29.908750000312295
            ],
            [
              115.46708333322931,
              29.895416666945664
            ],
            [
              115.45708333342918,
              29.895416666945664
            ],
            [
              115.44458333345415,
              29.87708333322928
            ],
            [
              115.43125000008752,
              29.87541666644603
            ],
            [
              115.42041666689568,
              29.898749999612846
            ],
            [
              115.38958333320431,
              29.902916666570945
            ],
            [
              115.35291666667092,
              29.92291666707058
            ],
            [
              115.33958333330429,
              29.945416666845745
            ],
            [
              115.31791666692072,
              29.944583333454148
            ],
            [
              115.29874999981269,
              29.96708333322931
            ],
            [
              115.25291666687076,
              29.966249999837657
            ],
            [
              115.2270833335291,
              29.982083333379194
            ],
            [
              115.19791666662093,
              29.980416666595943
            ],
            [
              115.15125000028729,
              30.00041666709558
            ],
            [
              115.1037499996628,
              29.993749999962574
            ],
            [
              115.09791666682077,
              29.978749999812692
            ],
            [
              115.1112500001874,
              29.96958333340416
            ],
            [
              115.1104166667958,
              29.945416666845745
            ],
            [
              115.08291666667094,
              29.937083332929546
            ],
            [
              115.0637499995629,
              29.9462500002374
            ],
            [
              115.03874999961283,
              29.92708333312936
            ],
            [
              115.02208333357908,
              29.942083333279243
            ],
            [
              114.96624999993765,
              29.937916666321144
            ],
            [
              114.96041666709561,
              29.96125000038728
            ],
            [
              114.92125000038732,
              29.956250000037528
            ],
            [
              114.912916666471,
              29.945416666845745
            ],
            [
              114.89458333365394,
              29.952916666471026
            ],
            [
              114.88125000028731,
              29.935416667045615
            ],
            [
              114.85625000033735,
              29.943750000062494
            ],
            [
              114.85041666659595,
              29.954583333254277
            ],
            [
              114.79708333312942,
              29.966249999837657
            ],
            [
              114.77208333317935,
              29.955416666645874
            ],
            [
              114.71708333292952,
              29.954583333254277
            ],
            [
              114.7129166668708,
              29.97125000018741
            ],
            [
              114.72708333362903,
              29.976249999637844
            ],
            [
              114.72625000023743,
              29.991249999787726
            ],
            [
              114.68875000031233,
              30.00791666672086
            ],
            [
              114.69291666637116,
              30.02958333310437
            ],
            [
              114.68208333317932,
              30.03124999988762
            ],
            [
              114.67958333300453,
              30.049583333604005
            ],
            [
              114.69541666654595,
              30.049583333604005
            ],
            [
              114.71208333347909,
              30.06375000036229
            ],
            [
              114.73124999968775,
              30.05958333340419
            ],
            [
              114.73291666647106,
              30.097083333329238
            ],
            [
              114.74791666662088,
              30.10458333295452
            ],
            [
              114.74541666644609,
              30.1237500000625
            ],
            [
              114.75874999981272,
              30.12625000023735
            ],
            [
              114.75958333320432,
              30.13541666664588
            ],
            [
              114.77958333370395,
              30.12208333327925
            ],
            [
              114.80458333365402,
              30.13541666664588
            ],
            [
              114.80375000026231,
              30.16375000016245
            ],
            [
              114.81541666684575,
              30.18374999976271
            ],
            [
              114.89041666669584,
              30.187083333329213
            ],
            [
              114.88874999991265,
              30.196249999737745
            ],
            [
              114.87041666709558,
              30.202083333479095
            ],
            [
              114.87541666654602,
              30.21791666702063
            ],
            [
              114.88708333312934,
              30.21875000041223
            ],
            [
              114.88291666707062,
              30.23041666699561
            ],
            [
              114.89375000026234,
              30.235416666446042
            ],
            [
              114.88291666707062,
              30.265416666745807
            ],
            [
              114.89541666704565,
              30.273749999762742
            ],
            [
              114.9095833329045,
              30.307916667020606
            ],
            [
              114.93708333302948,
              30.31458333325429
            ],
            [
              114.93125000018745,
              30.329583333404173
            ],
            [
              114.90791666702057,
              30.327083333229268
            ],
            [
              114.9170833334291,
              30.38041666669585
            ],
            [
              114.94458333355408,
              30.397916667020638
            ],
            [
              114.97791666652097,
              30.3862500004372
            ],
            [
              114.98458333365397,
              30.395416666845733
            ],
            [
              115.01708333322927,
              30.394583333454136
            ],
            [
              115.0370833337289,
              30.467916666520978
            ],
            [
              115.05791666672087,
              30.477916666321164
            ],
            [
              115.067916666521,
              30.508750000012526
            ],
            [
              115.09041666629616,
              30.52291666677081
            ],
            [
              115.1087500000126,
              30.51791666642106
            ],
            [
              115.1137500003623,
              30.527916666221245
            ],
            [
              115.152083333679,
              30.522083333379157
            ],
            [
              115.17875000041226,
              30.548750000112477
            ],
            [
              115.17124999988766,
              30.56791666632114
            ],
            [
              115.21291666677087,
              30.534583333354192
            ],
            [
              115.24624999973776,
              30.53124999978769
            ],
            [
              115.26291666667089,
              30.539583333703945
            ],
            [
              115.29375000036225,
              30.584583333254272
            ],
            [
              115.29541666624618,
              30.601250000187406
            ],
            [
              115.30708333372888,
              30.60208333357906
            ],
            [
              115.30708333372888,
              30.622916666570973
            ],
            [
              115.29791666642109,
              30.63124999958785
            ],
            [
              115.3037500001625,
              30.642083333678954
            ],
            [
              115.31374999996262,
              30.640416666895703
            ],
            [
              115.35625000023742,
              30.682916666271183
            ],
            [
              115.38291666697069,
              30.678750000212403
            ],
            [
              115.40374999996254,
              30.687083333229282
            ],
            [
              115.42458333295451,
              30.721249999587883
            ],
            [
              115.44041666649605,
              30.724583333154328
            ],
            [
              115.45374999986268,
              30.74125000008746
            ],
            [
              115.47041666679581,
              30.739583333304267
            ],
            [
              115.48541666694564,
              30.76458333325428
            ],
            [
              115.52791666632118,
              30.76291666647103
            ],
            [
              115.5420833330794,
              30.777083333229314
            ],
            [
              115.5395833329045,
              30.792916666770793
            ],
            [
              115.56041666679585,
              30.799583333004477
            ],
            [
              115.58708333352911,
              30.828749999912645
            ],
            [
              115.5837499999626,
              30.847916667020627
            ],
            [
              115.59875000011243,
              30.871250000187388
            ],
            [
              115.5854166667458,
              30.900416667095556
            ],
            [
              115.59958333350414,
              30.92125000008747
            ],
            [
              115.6229166666709,
              30.931249999887655
            ],
            [
              115.6187499997128,
              30.94208333307938
            ],
            [
              115.627083333629,
              30.952916666271165
            ],
            [
              115.69208333367897,
              30.98625000013743
            ],
            [
              115.6987499999126,
              30.998750000112466
            ],
            [
              115.68291666637117,
              31.027916667020634
            ],
            [
              115.7020833334791,
              31.029583332904565
            ],
            [
              115.71041666649603,
              31.07124999978771
            ],
            [
              115.76124999978776,
              31.07124999978771
            ],
            [
              115.77291666637109,
              31.082083332979494
            ],
            [
              115.77041666709556,
              31.105416667045574
            ],
            [
              115.7871,
              31.1267
            ],
            [
              115.83958333320436,
              31.130416666995643
            ],
            [
              115.86208333297952,
              31.149583333204305
            ],
            [
              115.875,
              31.1442
            ],
            [
              115.88625000043726,
              31.106250000437228
            ]
          ],
          [
            [
              115.0691,
              30.2591
            ],
            [
              115.0709,
              30.251
            ],
            [
              115.0724,
              30.2683
            ],
            [
              115.0691,
              30.2591
            ]
          ],
          [
            [
              115.0751350058343,
              30.239123045507593
            ],
            [
              115.0766,
              30.2366
            ],
            [
              115.0909,
              30.2207
            ],
            [
              115.0751350058343,
              30.239123045507593
            ]
          ],
          [
            [
              115.31566825019793,
              30.078766587490147
            ],
            [
              115.31733792081874,
              30.068479262052225
            ],
            [
              115.3172,
              30.073
            ],
            [
              115.31566825019793,
              30.078766587490147
            ]
          ],
          [
            [
              115.31767829614604,
              30.057322515212984
            ],
            [
              115.3173,
              30.049
            ],
            [
              115.31800524430291,
              30.046605881182213
            ],
            [
              115.31767829614604,
              30.057322515212984
            ]
          ],
          [
            [
              115.3201717557252,
              30.03925114503816
            ],
            [
              115.3211,
              30.0361
            ],
            [
              115.32306217303822,
              30.033323340040262
            ],
            [
              115.3201717557252,
              30.03925114503816
            ]
          ],
          [
            [
              115.333307968717,
              30.022945973367136
            ],
            [
              115.32517636612023,
              30.030331557377036
            ],
            [
              115.3264,
              30.0286
            ],
            [
              115.333307968717,
              30.022945973367136
            ]
          ],
          [
            [
              115.349,
              30.0127
            ],
            [
              115.3672,
              29.9925
            ],
            [
              115.3567,
              30.0053
            ],
            [
              115.349,
              30.0127
            ]
          ]
        ]
      }
    },
    {
      "type": "Feature",
      "id": "PF_465100",
      "properties": {
        "id": "PF_465100",
        "pfafId": 465100,
        "downstream": "PF_463099",
        "areaKm2": 186.456889,
        "source": "Pfafstetter level_6 AOI-clipped project-provided vector",
        "name": "黄冈·城区6",
        "code": "PF_465100"
      },
      "geometry": {
        "type": "Polygon",
        "coordinates": [
          [
            [
              115.45458333325428,
              29.883750000362284
            ],
            [
              115.47208333357901,
              29.8654166666459
            ],
            [
              115.52125000008755,
              29.845416667045583
            ],
            [
              115.59791666672083,
              29.849583333104363
            ],
            [
              115.6229166666709,
              29.85708333362902
            ],
            [
              115.62958333290453,
              29.867916666820747
            ],
            [
              115.64624999983766,
              29.8612499996878
            ],
            [
              115.73125000038726,
              29.8687500002124
            ],
            [
              115.77708333332919,
              29.85541666684577
            ],
            [
              115.81208333307939,
              29.85708333362902
            ],
            [
              115.82291666627123,
              29.833749999562883
            ],
            [
              115.80375000006256,
              29.8270833333292
            ],
            [
              115.8170833334292,
              29.819583333703918
            ],
            [
              115.80625000023736,
              29.804583333554035
            ],
            [
              115.82708333322933,
              29.796249999637837
            ],
            [
              115.84458333355406,
              29.76708333362899
            ],
            [
              115.89958333290451,
              29.742083333678977
            ],
            [
              115.91458333305445,
              29.753750000262357
            ],
            [
              115.92125000018746,
              29.733749999762722
            ],
            [
              115.94041666639612,
              29.733749999762722
            ],
            [
              115.94875000031232,
              29.748749999912604
            ],
            [
              115.99875000021245,
              29.75541666704561
            ],
            [
              116.0,
              29.742310970464132
            ],
            [
              115.923,
              29.7247
            ],
            [
              115.8776,
              29.7351
            ],
            [
              115.7445,
              29.8024
            ],
            [
              115.6722,
              29.8562
            ],
            [
              115.6228,
              29.8459
            ],
            [
              115.5052,
              29.8418
            ],
            [
              115.47125000018741,
              29.80958333300447
            ],
            [
              115.46125000038728,
              29.832916667070606
            ],
            [
              115.42708333312942,
              29.84208333347908
            ],
            [
              115.43125000008752,
              29.869583333603998
            ],
            [
              115.44659980248305,
              29.869257110609492
            ],
            [
              115.44208333327924,
              29.87708333322928
            ],
            [
              115.45458333325428,
              29.883750000362284
            ]
          ]
        ]
      }
    },
    {
      "type": "Feature",
      "id": "PF_463099",
      "properties": {
        "id": "PF_463099",
        "pfafId": 463099,
        "downstream": "OUTLET",
        "areaKm2": 10.066383,
        "source": "Pfafstetter level_6 AOI-clipped project-provided vector",
        "name": "黄冈·城区5",
        "code": "PF_463099"
      },
      "geometry": {
        "type": "Polygon",
        "coordinates": [
          [
            [
              115.99990980171403,
              29.80884951808551
            ],
            [
              115.99989019828597,
              29.808650481140177
            ],
            [
              115.99980048152733,
              29.808759801326875
            ],
            [
              115.99990980171403,
              29.80884951808551
            ]
          ]
        ]
      }
    },
    {
      "type": "Feature",
      "id": "PF_465802",
      "properties": {
        "id": "PF_465802",
        "pfafId": 465802,
        "downstream": "OUTLET",
        "areaKm2": 0.043028,
        "source": "Pfafstetter level_6 AOI-clipped project-provided vector",
        "name": "仙桃·农业区",
        "code": "PF_465802"
      },
      "geometry": {
        "type": "MultiPolygon",
        "coordinates": [
          [
            [
              [
                113.58375000036233,
                30.07931360213011
              ],
              [
                113.58458333375393,
                30.080416666396104
              ],
              [
                113.58722552824804,
                30.080416666396104
              ],
              [
                113.58375000036233,
                30.07931360213011
              ]
            ]
          ],
          [
            [
              [
                113.59510251292593,
                30.082916666570952
              ],
              [
                113.59375000016246,
                30.082487405593124
              ],
              [
                113.59375000016246,
                30.082916666570952
              ],
              [
                113.59510251292593,
                30.082916666570952
              ]
            ]
          ],
          [
            [
              [
                113.63874999971279,
                30.08930844751088
              ],
              [
                113.64041666649598,
                30.090416667095553
              ],
              [
                113.64291666667089,
                30.088985007610024
              ],
              [
                113.63874999971279,
                30.08930844751088
              ]
            ]
          ]
        ]
      }
    },
    {
      "type": "Feature",
      "id": "PF_465804",
      "properties": {
        "id": "PF_465804",
        "pfafId": 465804,
        "downstream": "OUTLET",
        "areaKm2": 185.642932,
        "source": "Pfafstetter level_6 AOI-clipped project-provided vector",
        "name": "潜江·农业区2",
        "code": "PF_465804"
      },
      "geometry": {
        "type": "MultiPolygon",
        "coordinates": [
          [
            [
              [
                112.77708333302951,
                30.32624999983767
              ],
              [
                112.8212500000875,
                30.348749999612835
              ],
              [
                112.8212500000875,
                30.327083333229268
              ],
              [
                112.8562499998377,
                30.304583333454104
              ],
              [
                112.8562499998377,
                30.289583333304222
              ],
              [
                112.86708333302943,
                30.28041666689569
              ],
              [
                112.8554166664461,
                30.257916666221206
              ],
              [
                112.87291666677083,
                30.244583333753894
              ],
              [
                112.87874999961286,
                30.21875000041223
              ],
              [
                112.8587500000126,
                30.21291666667088
              ],
              [
                112.85041666699567,
                30.200416666695844
              ],
              [
                112.8579166666209,
                30.187083333329213
              ],
              [
                112.8386,
                30.1676
              ],
              [
                112.8071,
                30.1612
              ],
              [
                112.8075,
                30.1133
              ],
              [
                112.7820833333792,
                30.10791666652102
              ],
              [
                112.76958333340417,
                30.11375000026237
              ],
              [
                112.77458333375387,
                30.14875000001257
              ],
              [
                112.75875000021244,
                30.1662500003373
              ],
              [
                112.76958333340417,
                30.192083333678966
              ],
              [
                112.75958333360404,
                30.213750000062532
              ],
              [
                112.78124999998761,
                30.231250000387263
              ],
              [
                112.76624999983767,
                30.281250000287343
              ],
              [
                112.77708333302951,
                30.32624999983767
              ]
            ]
          ],
          [
            [
              [
                113.11270641118243,
                30.152083333579014
              ],
              [
                113.11124999968774,
                30.151696938692666
              ],
              [
                113.11124999968774,
                30.152083333579014
              ],
              [
                113.11270641118243,
                30.152083333579014
              ]
            ]
          ],
          [
            [
              [
                113.1782087229387,
                30.149583333404166
              ],
              [
                113.1762499997377,
                30.148880033462866
              ],
              [
                113.1762499997377,
                30.149583333404166
              ],
              [
                113.1782087229387,
                30.149583333404166
              ]
            ]
          ],
          [
            [
              [
                113.20708333342918,
                30.157083333029448
              ],
              [
                113.21125000038728,
                30.156770853062824
              ],
              [
                113.20708333342918,
                30.15696174301825
              ],
              [
                113.20708333342918,
                30.157083333029448
              ]
            ]
          ],
          [
            [
              [
                113.47374999986266,
                30.137700609948702
              ],
              [
                113.47359594191909,
                30.137916666820786
              ],
              [
                113.47374999986266,
                30.137916666820786
              ],
              [
                113.47374999986266,
                30.137700609948702
              ]
            ]
          ],
          [
            [
              [
                113.47458333325426,
                30.139583333604037
              ],
              [
                113.50124999998752,
                30.132916666471033
              ],
              [
                113.49874999981273,
                30.11375000026237
              ],
              [
                113.50541666694573,
                30.11208333347912
              ],
              [
                113.50541666694573,
                30.101250000287337
              ],
              [
                113.51291666657096,
                30.097916666720835
              ],
              [
                113.51374999996256,
                30.089200000224665
              ],
              [
                113.4854,
                30.1125
              ],
              [
                113.47458333325426,
                30.139583333604037
              ]
            ]
          ],
          [
            [
              [
                113.51625000013746,
                30.076757499814423
              ],
              [
                113.51600864168228,
                30.077083333728922
              ],
              [
                113.51625000013746,
                30.077083333728922
              ],
              [
                113.51625000013746,
                30.076757499814423
              ]
            ]
          ],
          [
            [
              [
                113.51708333352906,
                30.075632499735768
              ],
              [
                113.51662592567605,
                30.076250000337325
              ],
              [
                113.51708333352906,
                30.076250000337325
              ],
              [
                113.51708333352906,
                30.075632499735768
              ]
            ]
          ],
          [
            [
              [
                113.5197,
                30.0721
              ],
              [
                113.52374999976269,
                30.07208333337917
              ],
              [
                113.52511844462106,
                30.07208333337917
              ],
              [
                113.5221,
                30.0713
              ],
              [
                113.5197,
                30.0721
              ]
            ]
          ],
          [
            [
              [
                113.5329166670706,
                30.074107093530433
              ],
              [
                113.53541666634612,
                30.076250000337325
              ],
              [
                113.54117400129982,
                30.076250000337325
              ],
              [
                113.5329166670706,
                30.074107093530433
              ]
            ]
          ],
          [
            [
              [
                112.8226,
                30.073
              ],
              [
                112.8187499999126,
                30.0812499997877
              ],
              [
                112.80708333332927,
                30.0928454545459
              ],
              [
                112.8161,
                30.0872
              ],
              [
                112.8226,
                30.073
              ]
            ]
          ],
          [
            [
              [
                112.80624999993756,
                30.092936363643176
              ],
              [
                112.80643055826509,
                30.09291666637108
              ],
              [
                112.80624999993756,
                30.09291666637108
              ],
              [
                112.80624999993756,
                30.092936363643176
              ]
            ]
          ]
        ]
      }
    },
    {
      "type": "Feature",
      "id": "PF_465808",
      "properties": {
        "id": "PF_465808",
        "pfafId": 465808,
        "downstream": "PF_465807",
        "areaKm2": 523.252174,
        "source": "Pfafstetter level_6 AOI-clipped project-provided vector",
        "name": "潜江·农业区1",
        "code": "PF_465808"
      },
      "geometry": {
        "type": "MultiPolygon",
        "coordinates": [
          [
            [
              [
                112.70458333335421,
                30.398750000412235
              ],
              [
                112.72125000028734,
                30.375416666346155
              ],
              [
                112.74541666684581,
                30.367916666720816
              ],
              [
                112.79041666639614,
                30.37708333312935
              ],
              [
                112.79875000031234,
                30.387083332929535
              ],
              [
                112.8170833331294,
                30.383750000262353
              ],
              [
                112.8162499997378,
                30.391249999887634
              ],
              [
                112.85041666699567,
                30.387916666321132
              ],
              [
                112.84875000021236,
                30.357916666920687
              ],
              [
                112.8254166670456,
                30.359583333703938
              ],
              [
                112.77708333302951,
                30.32624999983767
              ],
              [
                112.76624999983767,
                30.281250000287343
              ],
              [
                112.78124999998761,
                30.231250000387263
              ],
              [
                112.75958333360404,
                30.213750000062532
              ],
              [
                112.76958333340417,
                30.192083333678966
              ],
              [
                112.75875000021244,
                30.1662500003373
              ],
              [
                112.77458333375387,
                30.14875000001257
              ],
              [
                112.76958333340417,
                30.11375000026237
              ],
              [
                112.7820833333792,
                30.108749999912618
              ],
              [
                112.78466805538726,
                30.102916667070588
              ],
              [
                112.7487500004122,
                30.118749999712747
              ],
              [
                112.70791666692071,
                30.111250000087466
              ],
              [
                112.6987499996128,
                30.127083333629002
              ],
              [
                112.67875000001254,
                30.107083333129367
              ],
              [
                112.66374999986272,
                30.11791666632115
              ],
              [
                112.6670833334291,
                30.159583333204296
              ],
              [
                112.64208333347915,
                30.152083333579014
              ],
              [
                112.63208333367902,
                30.120416666496
              ],
              [
                112.63041666689571,
                30.15291666697067
              ],
              [
                112.59958333320435,
                30.165416666945703
              ],
              [
                112.59958333320435,
                30.174583333354178
              ],
              [
                112.58988250018713,
                30.168749999612828
              ],
              [
                112.5749,
                30.1782
              ],
              [
                112.563,
                30.2371
              ],
              [
                112.51928888910258,
                30.285416666346123
              ],
              [
                112.55541666704562,
                30.27624999993759
              ],
              [
                112.57374999986268,
                30.28208333367894
              ],
              [
                112.57625000003759,
                30.292916666870724
              ],
              [
                112.59958333320435,
                30.28791666652097
              ],
              [
                112.61458333335418,
                30.302083333279256
              ],
              [
                112.61458333335418,
                30.335416666246203
              ],
              [
                112.62958333350412,
                30.334583333753926
              ],
              [
                112.63541666634615,
                30.345416666945653
              ],
              [
                112.63541666634615,
                30.3862500004372
              ],
              [
                112.64874999971278,
                30.385416667045604
              ],
              [
                112.65208333327928,
                30.396250000237387
              ],
              [
                112.70458333335421,
                30.398750000412235
              ]
            ]
          ],
          [
            [
              [
                112.802,
                30.0934
              ],
              [
                112.80875000011247,
                30.0812499997877
              ],
              [
                112.79374999996264,
                30.097039705898833
              ],
              [
                112.802,
                30.0934
              ]
            ]
          ],
          [
            [
              [
                112.79124999978774,
                30.097083333329238
              ],
              [
                112.79041666639614,
                30.098510294236995
              ],
              [
                112.7936511111204,
                30.097083333329238
              ],
              [
                112.79124999978774,
                30.097083333329238
              ]
            ]
          ],
          [
            [
              [
                112.78958333300443,
                30.09887794132157
              ],
              [
                112.78987333307836,
                30.09875000011249
              ],
              [
                112.78958333300443,
                30.09875000011249
              ],
              [
                112.78958333300443,
                30.09887794132157
              ]
            ]
          ],
          [
            [
              [
                112.7870833337289,
                30.10057037001875
              ],
              [
                112.78725624974228,
                30.10041666689574
              ],
              [
                112.7870833337289,
                30.10041666689574
              ],
              [
                112.7870833337289,
                30.10057037001875
              ]
            ]
          ],
          [
            [
              [
                112.7862500003373,
                30.101311110811285
              ],
              [
                112.78631874967675,
                30.101250000287337
              ],
              [
                112.7862500003373,
                30.101250000287337
              ],
              [
                112.7862500003373,
                30.101311110811285
              ]
            ]
          ]
        ]
      }
    },
    {
      "type": "Feature",
      "id": "PF_465809",
      "properties": {
        "id": "PF_465809",
        "pfafId": 465809,
        "downstream": "PF_465807",
        "areaKm2": 80.813743,
        "source": "Pfafstetter level_6 AOI-clipped project-provided vector",
        "name": "潜江·农业区3",
        "code": "PF_465809"
      },
      "geometry": {
        "type": "Polygon",
        "coordinates": [
          [
            [
              112.59125000018742,
              30.169583333004482
            ],
            [
              112.59958333320435,
              30.174583333354178
            ],
            [
              112.59958333320435,
              30.165416666945703
            ],
            [
              112.63041666689571,
              30.15291666697067
            ],
            [
              112.63208333367902,
              30.120416666496
            ],
            [
              112.64208333347915,
              30.152083333579014
            ],
            [
              112.6670833334291,
              30.159583333204296
            ],
            [
              112.66374999986272,
              30.11791666632115
            ],
            [
              112.67875000001254,
              30.107083333129367
            ],
            [
              112.6979166662212,
              30.127083333629002
            ],
            [
              112.70791666692071,
              30.111250000087466
            ],
            [
              112.7487500004122,
              30.118749999712747
            ],
            [
              112.80124999958787,
              30.09291666637108
            ],
            [
              112.80958333350407,
              30.077083333728922
            ],
            [
              112.7398,
              30.0747
            ],
            [
              112.6273,
              30.1168
            ],
            [
              112.5849,
              30.1202
            ],
            [
              112.5784,
              30.1334
            ],
            [
              112.5925,
              30.1495
            ],
            [
              112.59125000018742,
              30.169583333004482
            ]
          ]
        ]
      }
    },
    {
      "type": "Feature",
      "id": "PF_465807",
      "properties": {
        "id": "PF_465807",
        "pfafId": 465807,
        "downstream": "OUTLET",
        "areaKm2": 1.092448,
        "source": "Pfafstetter level_6 AOI-clipped project-provided vector",
        "name": "潜江·农业区4",
        "code": "PF_465807"
      },
      "geometry": {
        "type": "Polygon",
        "coordinates": [
          [
            [
              112.80708333332927,
              30.07317990338169
            ],
            [
              112.8187499999126,
              30.0812499997877
            ],
            [
              112.8220833334791,
              30.073005990336476
            ],
            [
              112.80708333332927,
              30.07317990338169
            ]
          ]
        ]
      }
    },
    {
      "type": "Feature",
      "id": "PF_466106",
      "properties": {
        "id": "PF_466106",
        "pfafId": 466106,
        "downstream": "OUTLET",
        "areaKm2": 15.827758,
        "source": "Pfafstetter level_6 AOI-clipped project-provided vector",
        "name": "咸宁·农业丘陵1",
        "code": "PF_466106"
      },
      "geometry": {
        "type": "MultiPolygon",
        "coordinates": [
          [
            [
              [
                113.73875508782346,
                29.46541666654599
              ],
              [
                113.74041666629614,
                29.464583333154337
              ],
              [
                113.74041666629614,
                29.46374999976274
              ],
              [
                113.74019368441532,
                29.46374999976274
              ],
              [
                113.73875508782346,
                29.46541666654599
              ]
            ]
          ],
          [
            [
              [
                113.7423997433456,
                29.460416667095558
              ],
              [
                113.74374999986264,
                29.45958333370396
              ],
              [
                113.74374999986264,
                29.458044594835894
              ],
              [
                113.7423997433456,
                29.460416667095558
              ]
            ]
          ],
          [
            [
              [
                113.74458333325424,
                29.456580630769572
              ],
              [
                113.74382282036821,
                29.45791666692071
              ],
              [
                113.74458333325424,
                29.45791666692071
              ],
              [
                113.74458333325424,
                29.456580630769572
              ]
            ]
          ],
          [
            [
              [
                113.745,
                29.4504
              ],
              [
                113.74958333360405,
                29.443750000162424
              ],
              [
                113.73720306102493,
                29.436249999637823
              ],
              [
                113.745,
                29.4504
              ]
            ]
          ],
          [
            [
              [
                113.73628469410929,
                29.434583333753892
              ],
              [
                113.73708333362902,
                29.436032716585988
              ],
              [
                113.73708333362902,
                29.434583333753892
              ],
              [
                113.73628469410929,
                29.434583333753892
              ]
            ]
          ],
          [
            [
              [
                113.73582551040371,
                29.433750000362295
              ],
              [
                113.73625000023742,
                29.434520370801238
              ],
              [
                113.73625000023742,
                29.433750000362295
              ],
              [
                113.73582551040371,
                29.433750000362295
              ]
            ]
          ],
          [
            [
              [
                113.73536632669811,
                29.43291666697064
              ],
              [
                113.73541666684571,
                29.433008025016285
              ],
              [
                113.73541666684571,
                29.43291666697064
              ],
              [
                113.73536632669811,
                29.43291666697064
              ]
            ]
          ],
          [
            [
              [
                113.73441191757335,
                29.422916666271192
              ],
              [
                113.73625000023742,
                29.41541666664591
              ],
              [
                113.73463593190176,
                29.414583333254257
              ],
              [
                113.73441191757335,
                29.422916666271192
              ]
            ]
          ],
          [
            [
              [
                113.72625000043718,
                29.399583333104374
              ],
              [
                113.71791666652098,
                29.392083333479093
              ],
              [
                113.71208333367895,
                29.394583333653998
              ],
              [
                113.71208333367895,
                29.395947730521456
              ],
              [
                113.72625000043718,
                29.399583333104374
              ]
            ]
          ],
          [
            [
              [
                113.68375000016249,
                29.391250000087496
              ],
              [
                113.68124999998759,
                29.362083333179328
              ],
              [
                113.66458333305445,
                29.3554166669457
              ],
              [
                113.65458333325432,
                29.336249999837662
              ],
              [
                113.64041666649598,
                29.331250000387286
              ],
              [
                113.6567,
                29.3428
              ],
              [
                113.6574,
                29.3813
              ],
              [
                113.68375000016249,
                29.391250000087496
              ]
            ]
          ],
          [
            [
              [
                113.63619487214339,
                29.32875000021238
              ],
              [
                113.63625000043726,
                29.328783594016453
              ],
              [
                113.63625000043726,
                29.32875000021238
              ],
              [
                113.63619487214339,
                29.32875000021238
              ]
            ]
          ],
          [
            [
              [
                113.63482735068025,
                29.327916666820784
              ],
              [
                113.63541666704566,
                29.32827578148095
              ],
              [
                113.63541666704566,
                29.327916666820784
              ],
              [
                113.63482735068025,
                29.327916666820784
              ]
            ]
          ],
          [
            [
              [
                113.63410545179487,
                29.32708333342913
              ],
              [
                113.63458333365395,
                29.32764523847223
              ],
              [
                113.63458333365395,
                29.32708333342913
              ],
              [
                113.63410545179487,
                29.32708333342913
              ]
            ]
          ],
          [
            [
              [
                113.6201,
                29.3047
              ],
              [
                113.62208333367892,
                29.301250000087464
              ],
              [
                113.61980833326051,
                29.29791666652102
              ],
              [
                113.6201,
                29.3047
              ]
            ]
          ],
          [
            [
              [
                113.61939166656468,
                29.297083333129365
              ],
              [
                113.61958333350412,
                29.297466667008255
              ],
              [
                113.61958333350412,
                29.297083333129365
              ],
              [
                113.61939166656468,
                29.297083333129365
              ]
            ]
          ],
          [
            [
              [
                113.609583333704,
                29.279583333703954
              ],
              [
                113.6069500003123,
                29.2787500003123
              ],
              [
                113.609583333704,
                29.281383333703992
              ],
              [
                113.609583333704,
                29.279583333703954
              ]
            ]
          ],
          [
            [
              [
                113.6061166669207,
                29.277916666920703
              ],
              [
                113.60625000013749,
                29.27805000013749
              ],
              [
                113.60625000013749,
                29.277916666920703
              ],
              [
                113.6061166669207,
                29.277916666920703
              ]
            ]
          ],
          [
            [
              [
                113.60625000013749,
                29.27708333352905
              ],
              [
                113.60041666639609,
                29.25958333320432
              ],
              [
                113.61458333315431,
                29.254070396267895
              ],
              [
                113.5966,
                29.2596
              ],
              [
                113.60625000013749,
                29.27708333352905
              ]
            ]
          ],
          [
            [
              [
                113.68285905218818,
                29.194583333154355
              ],
              [
                113.68291666677078,
                29.19462220326659
              ],
              [
                113.68291666677078,
                29.194583333154355
              ],
              [
                113.68285905218818,
                29.194583333154355
              ]
            ]
          ],
          [
            [
              [
                113.68124999998759,
                29.192916666371104
              ],
              [
                113.66125000038721,
                29.175416666945694
              ],
              [
                113.65708333342911,
                29.163750000362256
              ],
              [
                113.66624999983765,
                29.15708333322931
              ],
              [
                113.6556,
                29.1507
              ],
              [
                113.6491,
                29.1649
              ],
              [
                113.68124999998759,
                29.192916666371104
              ]
            ]
          ],
          [
            [
              [
                113.67375000036225,
                29.135793406131636
              ],
              [
                113.67339181015859,
                29.136250000237396
              ],
              [
                113.67375000036225,
                29.136250000237396
              ],
              [
                113.67375000036225,
                29.135793406131636
              ]
            ]
          ],
          [
            [
              [
                113.67458333375396,
                29.13473113499495
              ],
              [
                113.67404554583652,
                29.135416666845742
              ],
              [
                113.67458333375396,
                29.135416666845742
              ],
              [
                113.67458333375396,
                29.13473113499495
              ]
            ]
          ],
          [
            [
              [
                113.67469928151442,
                29.134583333454145
              ],
              [
                113.67791666642108,
                29.13208333327924
              ],
              [
                113.67708333302949,
                29.13055416719839
              ],
              [
                113.67469928151442,
                29.134583333454145
              ]
            ]
          ],
          [
            [
              [
                113.67874999981268,
                29.1276375003278
              ],
              [
                113.67859047638791,
                29.12791666632114
              ],
              [
                113.67874999981268,
                29.12791666632114
              ],
              [
                113.67874999981268,
                29.1276375003278
              ]
            ]
          ],
          [
            [
              [
                113.68041666659599,
                29.12625000043721
              ],
              [
                113.6800190474025,
                29.125416667045613
              ],
              [
                113.67954285689302,
                29.12625000043721
              ],
              [
                113.68041666659599,
                29.12625000043721
              ]
            ]
          ],
          [
            [
              [
                113.68381069451705,
                29.11458333295451
              ],
              [
                113.68541666694568,
                29.113749999562856
              ],
              [
                113.68444958327827,
                29.111250000287328
              ],
              [
                113.68381069451705,
                29.11458333295451
              ]
            ]
          ],
          [
            [
              [
                113.72541666704558,
                29.10458333315438
              ],
              [
                113.72435292205155,
                29.098750000312293
              ],
              [
                113.7238604978506,
                29.10458333315438
              ],
              [
                113.72541666704558,
                29.10458333315438
              ]
            ]
          ],
          [
            [
              [
                113.72561915583044,
                29.08375000016241
              ],
              [
                113.72874999971282,
                29.080416666595966
              ],
              [
                113.72708333292951,
                29.07791666642106
              ],
              [
                113.72561915583044,
                29.08375000016241
              ]
            ]
          ]
        ]
      }
    },
    {
      "type": "Feature",
      "id": "PF_466212",
      "properties": {
        "id": "PF_466212",
        "pfafId": 466212,
        "downstream": "OUTLET",
        "areaKm2": 3.257324,
        "source": "Pfafstetter level_6 AOI-clipped project-provided vector",
        "name": "咸宁·农业丘陵4",
        "code": "PF_466212"
      },
      "geometry": {
        "type": "MultiPolygon",
        "coordinates": [
          [
            [
              [
                113.80208333367898,
                29.109583333504077
              ],
              [
                113.8087499999126,
                29.105463858694225
              ],
              [
                113.79791666672088,
                29.105080373846977
              ],
              [
                113.80208333367898,
                29.109583333504077
              ]
            ]
          ],
          [
            [
              [
                113.81125000008751,
                29.106249999937575
              ],
              [
                113.82875000041224,
                29.106249999937575
              ],
              [
                113.83708333342918,
                29.098750000312293
              ],
              [
                113.83208333307937,
                29.08208333337916
              ],
              [
                113.827,
                29.0988
              ],
              [
                113.81125000008751,
                29.106249999937575
              ]
            ]
          ],
          [
            [
              [
                113.84041666699568,
                29.06624999983768
              ],
              [
                113.8393,
                29.0653
              ],
              [
                113.83874786334219,
                29.06624999983768
              ],
              [
                113.84041666699568,
                29.06624999983768
              ]
            ]
          ],
          [
            [
              [
                113.8437499996628,
                29.062231034715307
              ],
              [
                113.84275583390679,
                29.062916666271178
              ],
              [
                113.8437499996628,
                29.062916666271178
              ],
              [
                113.8437499996628,
                29.062231034715307
              ]
            ]
          ],
          [
            [
              [
                113.848,
                29.0593
              ],
              [
                113.8512500001874,
                29.06041666699565
              ],
              [
                113.85933207522191,
                29.065416666446026
              ],
              [
                113.8532,
                29.06
              ],
              [
                113.848,
                29.0593
              ]
            ]
          ],
          [
            [
              [
                113.86027547151436,
                29.06624999983768
              ],
              [
                113.85958333320434,
                29.065638610997166
              ],
              [
                113.85958333320434,
                29.06624999983768
              ],
              [
                113.86027547151436,
                29.06624999983768
              ]
            ]
          ],
          [
            [
              [
                113.87365722223899,
                29.06791666662093
              ],
              [
                113.87625000013747,
                29.065416666446026
              ],
              [
                113.87336552508707,
                29.062916666271178
              ],
              [
                113.87365722223899,
                29.06791666662093
              ]
            ]
          ],
          [
            [
              [
                113.87124999978766,
                29.050416666296144
              ],
              [
                113.87374999996257,
                29.043750000062516
              ],
              [
                113.87041666639607,
                29.039443243550412
              ],
              [
                113.8679,
                29.0423
              ],
              [
                113.87124999978766,
                29.050416666296144
              ]
            ]
          ],
          [
            [
              [
                113.87374999996257,
                29.03752524753476
              ],
              [
                113.88458333315441,
                29.037083332929512
              ],
              [
                113.8870833333292,
                29.035347222222263
              ],
              [
                113.87374999996257,
                29.03752524753476
              ]
            ]
          ],
          [
            [
              [
                113.91041666649608,
                29.038613508741403
              ],
              [
                113.91124999988767,
                29.040416666496014
              ],
              [
                113.91317721065798,
                29.040416666496014
              ],
              [
                113.91041666649608,
                29.038613508741403
              ]
            ]
          ],
          [
            [
              [
                113.91428265291214,
                29.04124999988761
              ],
              [
                113.91375000006246,
                29.04084846158555
              ],
              [
                113.91375000006246,
                29.04124999988761
              ],
              [
                113.91428265291214,
                29.04124999988761
              ]
            ]
          ],
          [
            [
              [
                113.92291264422163,
                29.045416666845767
              ],
              [
                113.9220833330794,
                29.04514337112844
              ],
              [
                113.9220833330794,
                29.045416666845767
              ],
              [
                113.92291264422163,
                29.045416666845767
              ]
            ]
          ],
          [
            [
              [
                113.922916666471,
                29.045417992359763
              ],
              [
                113.93374999966284,
                29.050416666296144
              ],
              [
                113.93875000001253,
                29.049583332904547
              ],
              [
                113.922916666471,
                29.045417992359763
              ]
            ]
          ],
          [
            [
              [
                113.76420223877079,
                29.093749999962597
              ],
              [
                113.76375000036228,
                29.09326904800433
              ],
              [
                113.76375000036228,
                29.093749999962597
              ],
              [
                113.76420223877079,
                29.093749999962597
              ]
            ]
          ],
          [
            [
              [
                113.76576940305952,
                29.095416666745848
              ],
              [
                113.76458333375388,
                29.094155291452537
              ],
              [
                113.76458333375388,
                29.095416666745848
              ],
              [
                113.76576940305952,
                29.095416666745848
              ]
            ]
          ],
          [
            [
              [
                113.77236611201715,
                29.097916666920696
              ],
              [
                113.7704166665959,
                29.097370093438105
              ],
              [
                113.7704166665959,
                29.097916666920696
              ],
              [
                113.77236611201715,
                29.097916666920696
              ]
            ]
          ],
          [
            [
              [
                113.78128277930745,
                29.100416667095544
              ],
              [
                113.78041666639615,
                29.100173831699855
              ],
              [
                113.78041666639615,
                29.100416667095544
              ],
              [
                113.78128277930745,
                29.100416667095544
              ]
            ]
          ]
        ]
      }
    }
  ]
}
